요일별,역명,구분,2001,2003,2005,2007,2009,2011,2013,2015,2017,2019,2021,2023,2025,2027,2029,2031,2033,2035,2037,2039,2041,2043,2045,2047,2049,2051,2053,2055,2057,2059,2061,2063,2065,2067,2069,2071,2073,2075,2077,2079,2081,2083,2085,2087,2089,2091,2093,2095,2097,2099,2101,2103,2105,2107,2109,2111,2113,2115,2117,2119,2121,2123,2125,2127,2129,2131,2133,2135,2137,2139,2141,2143,2145,2147,2149,2151,2153,2155,2157,2159,2161,2163,2165,2167,2169,2171,2173,2175,2177,2179,2181,2183,2185,2187,2189,2191,2193,2195,2197,2199,2201,2203,2205,2207,2209,2211,2213,2215,2217,2219,2221,2223,2225,2227,2229,2231,2233,2235,2237,2239,2241,2243,2245,2247,2249,2251,2253,2255,2257,2259,2261,2263,2265,2267,2269,2271,2273,2275,2277,2279,2281,2283,2285,2287,2289,2291,2293,2295
평일(하),문양,출발,,05:30:00,05:40:00,05:50:00,05:57:00,06:04:00,06:11:00,06:18:00,06:25:00,06:31:00,06:37:00,06:43:00,06:48:00,06:53:00,06:58:00,07:03:00,07:08:00,07:13:00,07:18:00,07:23:00,07:28:00,07:33:00,07:38:00,07:43:00,07:48:00,07:53:00,07:58:00,08:04:00,08:10:00,08:16:00,08:22:00,08:28:00,08:35:00,08:42:00,08:49:00,08:56:00,09:03:00,09:10:00,09:17:00,09:24:00,09:31:00,09:38:00,09:45:00,09:52:00,09:59:00,10:06:00,10:14:00,10:22:00,10:30:00,10:38:00,10:46:00,10:54:00,11:02:00,11:10:00,11:18:00,11:26:00,11:34:00,11:42:00,11:50:00,11:58:00,12:06:00,12:14:00,12:22:00,12:30:00,12:38:00,12:46:00,12:54:00,13:02:00,13:10:00,13:18:00,13:26:00,13:34:00,13:42:00,13:50:00,13:58:00,14:06:00,14:14:00,14:22:00,14:30:00,14:38:00,14:46:00,14:54:00,15:02:00,15:10:00,15:18:00,15:26:00,15:34:00,15:42:00,15:50:00,15:58:00,16:05:00,16:12:00,16:18:00,16:24:00,16:30:00,16:35:00,16:40:00,16:45:00,16:50:00,16:55:00,17:00:00,17:05:00,17:10:00,17:15:00,17:20:00,17:25:00,17:30:00,17:35:00,17:40:00,17:45:00,17:50:00,17:55:00,18:01:00,18:08:00,18:16:00,18:24:00,18:32:00,18:40:00,18:48:00,18:56:00,19:04:00,19:12:00,19:20:00,19:28:00,19:36:00,19:44:00,19:52:00,20:00:00,20:09:00,20:18:00,20:27:00,20:36:00,20:45:00,20:54:00,21:03:00,21:12:00,21:21:00,21:30:00,21:40:00,21:50:00,22:00:00,22:10:00,22:21:00,22:32:00,22:43:00,22:54:00,23:05:00,23:19:45
평일(하),다사,도착,,05:33:25,05:43:25,05:53:25,06:00:25,06:07:25,06:14:25,06:21:25,06:28:25,06:34:25,06:40:25,06:46:25,06:51:25,06:56:25,07:01:25,07:06:25,07:11:25,07:16:25,07:21:25,07:26:25,07:31:25,07:36:25,07:41:25,07:46:25,07:51:25,07:56:25,08:01:25,08:07:25,08:13:25,08:19:25,08:25:25,08:31:25,08:38:25,08:45:25,08:52:25,08:59:25,09:06:25,09:13:25,09:20:25,09:27:25,09:34:25,09:41:25,09:48:25,09:55:25,10:02:25,10:09:25,10:17:25,10:25:25,10:33:25,10:41:25,10:49:25,10:57:25,11:05:25,11:13:25,11:21:25,11:29:25,11:37:25,11:45:25,11:53:25,12:01:25,12:09:25,12:17:25,12:25:25,12:33:25,12:41:25,12:49:25,12:57:25,13:05:25,13:13:25,13:21:25,13:29:25,13:37:25,13:45:25,13:53:25,14:01:25,14:09:25,14:17:25,14:25:25,14:33:25,14:41:25,14:49:25,14:57:25,15:05:25,15:13:25,15:21:25,15:29:25,15:37:25,15:45:25,15:53:25,16:01:25,16:08:25,16:15:25,16:21:25,16:27:25,16:33:25,16:38:25,16:43:25,16:48:25,16:53:25,16:58:25,17:03:25,17:08:25,17:13:25,17:18:25,17:23:25,17:28:25,17:33:25,17:38:25,17:43:25,17:48:25,17:53:25,17:58:25,18:04:25,18:11:25,18:19:25,18:27:25,18:35:25,18:43:25,18:51:25,18:59:25,19:07:25,19:15:25,19:23:25,19:31:25,19:39:25,19:47:25,19:55:25,20:03:25,20:12:25,20:21:25,20:30:25,20:39:25,20:48:25,20:57:25,21:06:25,21:15:25,21:24:25,21:33:25,21:43:25,21:53:25,22:03:25,22:13:25,22:24:25,22:35:25,22:46:25,22:57:25,23:08:25,23:23:10
평일(하),다사,출발,,05:33:50,05:43:50,05:53:50,06:00:50,06:07:50,06:14:50,06:21:50,06:28:50,06:34:50,06:40:50,06:46:50,06:51:50,06:56:50,07:01:50,07:06:50,07:11:50,07:16:50,07:21:50,07:26:50,07:31:50,07:36:50,07:41:50,07:46:50,07:51:50,07:56:50,08:01:50,08:07:50,08:13:50,08:19:50,08:25:50,08:31:50,08:38:50,08:45:50,08:52:50,08:59:50,09:06:50,09:13:50,09:20:50,09:27:50,09:34:50,09:41:50,09:48:50,09:55:50,10:02:50,10:09:50,10:17:50,10:25:50,10:33:50,10:41:50,10:49:50,10:57:50,11:05:50,11:13:50,11:21:50,11:29:50,11:37:50,11:45:50,11:53:50,12:01:50,12:09:50,12:17:50,12:25:50,12:33:50,12:41:50,12:49:50,12:57:50,13:05:50,13:13:50,13:21:50,13:29:50,13:37:50,13:45:50,13:53:50,14:01:50,14:09:50,14:17:50,14:25:50,14:33:50,14:41:50,14:49:50,14:57:50,15:05:50,15:13:50,15:21:50,15:29:50,15:37:50,15:45:50,15:53:50,16:01:50,16:08:50,16:15:50,16:21:50,16:27:50,16:33:50,16:38:50,16:43:50,16:48:50,16:53:50,16:58:50,17:03:50,17:08:50,17:13:50,17:18:50,17:23:50,17:28:50,17:33:50,17:38:50,17:43:50,17:48:50,17:53:50,17:58:50,18:04:50,18:11:50,18:19:50,18:27:50,18:35:50,18:43:50,18:51:50,18:59:50,19:07:50,19:15:50,19:23:50,19:31:50,19:39:50,19:47:50,19:55:50,20:03:50,20:12:50,20:21:50,20:30:50,20:39:50,20:48:50,20:57:50,21:06:50,21:15:50,21:24:50,21:33:50,21:43:50,21:53:50,22:03:50,22:13:50,22:24:50,22:35:50,22:46:50,22:57:50,23:08:50,23:23:35
평일(하),대실,도착,,05:35:25,05:45:25,05:55:25,06:02:25,06:09:25,06:16:25,06:23:25,06:30:25,06:36:25,06:42:25,06:48:25,06:53:25,06:58:25,07:03:25,07:08:25,07:13:25,07:18:25,07:23:25,07:28:25,07:33:25,07:38:25,07:43:25,07:48:25,07:53:25,07:58:25,08:03:25,08:09:25,08:15:25,08:21:25,08:27:25,08:33:25,08:40:25,08:47:25,08:54:25,09:01:25,09:08:25,09:15:25,09:22:25,09:29:25,09:36:25,09:43:25,09:50:25,09:57:25,10:04:25,10:11:25,10:19:25,10:27:25,10:35:25,10:43:25,10:51:25,10:59:25,11:07:25,11:15:25,11:23:25,11:31:25,11:39:25,11:47:25,11:55:25,12:03:25,12:11:25,12:19:25,12:27:25,12:35:25,12:43:25,12:51:25,12:59:25,13:07:25,13:15:25,13:23:25,13:31:25,13:39:25,13:47:25,13:55:25,14:03:25,14:11:25,14:19:25,14:27:25,14:35:25,14:43:25,14:51:25,14:59:25,15:07:25,15:15:25,15:23:25,15:31:25,15:39:25,15:47:25,15:55:25,16:03:25,16:10:25,16:17:25,16:23:25,16:29:25,16:35:25,16:40:25,16:45:25,16:50:25,16:55:25,17:00:25,17:05:25,17:10:25,17:15:25,17:20:25,17:25:25,17:30:25,17:35:25,17:40:25,17:45:25,17:50:25,17:55:25,18:00:25,18:06:25,18:13:25,18:21:25,18:29:25,18:37:25,18:45:25,18:53:25,19:01:25,19:09:25,19:17:25,19:25:25,19:33:25,19:41:25,19:49:25,19:57:25,20:05:25,20:14:25,20:23:25,20:32:25,20:41:25,20:50:25,20:59:25,21:08:25,21:17:25,21:26:25,21:35:25,21:45:25,21:55:25,22:05:25,22:15:25,22:26:25,22:37:25,22:48:25,22:59:25,23:10:25,23:25:10
평일(하),대실,출발,,05:35:50,05:45:50,05:55:50,06:02:50,06:09:50,06:16:50,06:23:50,06:30:50,06:36:50,06:42:50,06:48:50,06:53:50,06:58:50,07:03:50,07:08:50,07:13:50,07:18:50,07:23:50,07:28:50,07:33:50,07:38:50,07:43:50,07:48:50,07:53:50,07:58:50,08:03:50,08:09:50,08:15:50,08:21:50,08:27:50,08:33:50,08:40:50,08:47:50,08:54:50,09:01:50,09:08:50,09:15:50,09:22:50,09:29:50,09:36:50,09:43:50,09:50:50,09:57:50,10:04:50,10:11:50,10:19:50,10:27:50,10:35:50,10:43:50,10:51:50,10:59:50,11:07:50,11:15:50,11:23:50,11:31:50,11:39:50,11:47:50,11:55:50,12:03:50,12:11:50,12:19:50,12:27:50,12:35:50,12:43:50,12:51:50,12:59:50,13:07:50,13:15:50,13:23:50,13:31:50,13:39:50,13:47:50,13:55:50,14:03:50,14:11:50,14:19:50,14:27:50,14:35:50,14:43:50,14:51:50,14:59:50,15:07:50,15:15:50,15:23:50,15:31:50,15:39:50,15:47:50,15:55:50,16:03:50,16:10:50,16:17:50,16:23:50,16:29:50,16:35:50,16:40:50,16:45:50,16:50:50,16:55:50,17:00:50,17:05:50,17:10:50,17:15:50,17:20:50,17:25:50,17:30:50,17:35:50,17:40:50,17:45:50,17:50:50,17:55:50,18:00:50,18:06:50,18:13:50,18:21:50,18:29:50,18:37:50,18:45:50,18:53:50,19:01:50,19:09:50,19:17:50,19:25:50,19:33:50,19:41:50,19:49:50,19:57:50,20:05:50,20:14:50,20:23:50,20:32:50,20:41:50,20:50:50,20:59:50,21:08:50,21:17:50,21:26:50,21:35:50,21:45:50,21:55:50,22:05:50,22:15:50,22:26:50,22:37:50,22:48:50,22:59:50,23:10:50,23:25:35
평일(하),강창,도착,,05:37:30,05:47:30,05:57:30,06:04:30,06:11:30,06:18:30,06:25:30,06:32:30,06:38:30,06:44:30,06:50:30,06:55:30,07:00:30,07:05:30,07:10:30,07:15:30,07:20:30,07:25:30,07:30:30,07:35:30,07:40:30,07:45:30,07:50:30,07:55:30,08:00:30,08:05:30,08:11:30,08:17:30,08:23:30,08:29:30,08:35:30,08:42:30,08:49:30,08:56:30,09:03:30,09:10:30,09:17:30,09:24:30,09:31:30,09:38:30,09:45:30,09:52:30,09:59:30,10:06:30,10:13:30,10:21:30,10:29:30,10:37:30,10:45:30,10:53:30,11:01:30,11:09:30,11:17:30,11:25:30,11:33:30,11:41:30,11:49:30,11:57:30,12:05:30,12:13:30,12:21:30,12:29:30,12:37:30,12:45:30,12:53:30,13:01:30,13:09:30,13:17:30,13:25:30,13:33:30,13:41:30,13:49:30,13:57:30,14:05:30,14:13:30,14:21:30,14:29:30,14:37:30,14:45:30,14:53:30,15:01:30,15:09:30,15:17:30,15:25:30,15:33:30,15:41:30,15:49:30,15:57:30,16:05:30,16:12:30,16:19:30,16:25:30,16:31:30,16:37:30,16:42:30,16:47:30,16:52:30,16:57:30,17:02:30,17:07:30,17:12:30,17:17:30,17:22:30,17:27:30,17:32:30,17:37:30,17:42:30,17:47:30,17:52:30,17:57:30,18:02:30,18:08:30,18:15:30,18:23:30,18:31:30,18:39:30,18:47:30,18:55:30,19:03:30,19:11:30,19:19:30,19:27:30,19:35:30,19:43:30,19:51:30,19:59:30,20:07:30,20:16:30,20:25:30,20:34:30,20:43:30,20:52:30,21:01:30,21:10:30,21:19:30,21:28:30,21:37:30,21:47:30,21:57:30,22:07:30,22:17:30,22:28:30,22:39:30,22:50:30,23:01:30,23:12:30,23:27:15
평일(하),강창,출발,,05:37:55,05:47:55,05:57:55,06:04:55,06:11:55,06:18:55,06:25:55,06:32:55,06:38:55,06:44:55,06:50:55,06:55:55,07:00:55,07:05:55,07:10:55,07:15:55,07:20:55,07:25:55,07:30:55,07:35:55,07:40:55,07:45:55,07:50:55,07:55:55,08:00:55,08:05:55,08:11:55,08:17:55,08:23:55,08:29:55,08:35:55,08:42:55,08:49:55,08:56:55,09:03:55,09:10:55,09:17:55,09:24:55,09:31:55,09:38:55,09:45:55,09:52:55,09:59:55,10:06:55,10:13:55,10:21:55,10:29:55,10:37:55,10:45:55,10:53:55,11:01:55,11:09:55,11:17:55,11:25:55,11:33:55,11:41:55,11:49:55,11:57:55,12:05:55,12:13:55,12:21:55,12:29:55,12:37:55,12:45:55,12:53:55,13:01:55,13:09:55,13:17:55,13:25:55,13:33:55,13:41:55,13:49:55,13:57:55,14:05:55,14:13:55,14:21:55,14:29:55,14:37:55,14:45:55,14:53:55,15:01:55,15:09:55,15:17:55,15:25:55,15:33:55,15:41:55,15:49:55,15:57:55,16:05:55,16:12:55,16:19:55,16:25:55,16:31:55,16:37:55,16:42:55,16:47:55,16:52:55,16:57:55,17:02:55,17:07:55,17:12:55,17:17:55,17:22:55,17:27:55,17:32:55,17:37:55,17:42:55,17:47:55,17:52:55,17:57:55,18:02:55,18:08:55,18:15:55,18:23:55,18:31:55,18:39:55,18:47:55,18:55:55,19:03:55,19:11:55,19:19:55,19:27:55,19:35:55,19:43:55,19:51:55,19:59:55,20:07:55,20:16:55,20:25:55,20:34:55,20:43:55,20:52:55,21:01:55,21:10:55,21:19:55,21:28:55,21:37:55,21:47:55,21:57:55,22:07:55,22:17:55,22:28:55,22:39:55,22:50:55,23:01:55,23:12:55,23:27:40
평일(하),계명대,도착,,05:39:30,05:49:30,05:59:30,06:06:30,06:13:30,06:20:30,06:27:30,06:34:30,06:40:30,06:46:30,06:52:30,06:57:30,07:02:30,07:07:30,07:12:30,07:17:30,07:22:30,07:27:30,07:32:30,07:37:30,07:42:30,07:47:30,07:52:30,07:57:30,08:02:30,08:07:30,08:13:30,08:19:30,08:25:30,08:31:30,08:37:30,08:44:30,08:51:30,08:58:30,09:05:30,09:12:30,09:19:30,09:26:30,09:33:30,09:40:30,09:47:30,09:54:30,10:01:30,10:08:30,10:15:30,10:23:30,10:31:30,10:39:30,10:47:30,10:55:30,11:03:30,11:11:30,11:19:30,11:27:30,11:35:30,11:43:30,11:51:30,11:59:30,12:07:30,12:15:30,12:23:30,12:31:30,12:39:30,12:47:30,12:55:30,13:03:30,13:11:30,13:19:30,13:27:30,13:35:30,13:43:30,13:51:30,13:59:30,14:07:30,14:15:30,14:23:30,14:31:30,14:39:30,14:47:30,14:55:30,15:03:30,15:11:30,15:19:30,15:27:30,15:35:30,15:43:30,15:51:30,15:59:30,16:07:30,16:14:30,16:21:30,16:27:30,16:33:30,16:39:30,16:44:30,16:49:30,16:54:30,16:59:30,17:04:30,17:09:30,17:14:30,17:19:30,17:24:30,17:29:30,17:34:30,17:39:30,17:44:30,17:49:30,17:54:30,17:59:30,18:04:30,18:10:30,18:17:30,18:25:30,18:33:30,18:41:30,18:49:30,18:57:30,19:05:30,19:13:30,19:21:30,19:29:30,19:37:30,19:45:30,19:53:30,20:01:30,20:09:30,20:18:30,20:27:30,20:36:30,20:45:30,20:54:30,21:03:30,21:12:30,21:21:30,21:30:30,21:39:30,21:49:30,21:59:30,22:09:30,22:19:30,22:30:30,22:41:30,22:52:30,23:03:30,23:14:30,23:29:15
평일(하),계명대,출발,,05:39:55,05:49:55,05:59:55,06:06:55,06:13:55,06:20:55,06:27:55,06:34:55,06:40:55,06:46:55,06:52:55,06:57:55,07:02:55,07:07:55,07:12:55,07:17:55,07:22:55,07:27:55,07:32:55,07:37:55,07:42:55,07:47:55,07:52:55,07:57:55,08:02:55,08:07:55,08:13:55,08:19:55,08:25:55,08:31:55,08:37:55,08:44:55,08:51:55,08:58:55,09:05:55,09:12:55,09:19:55,09:26:55,09:33:55,09:40:55,09:47:55,09:54:55,10:01:55,10:08:55,10:15:55,10:23:55,10:31:55,10:39:55,10:47:55,10:55:55,11:03:55,11:11:55,11:19:55,11:27:55,11:35:55,11:43:55,11:51:55,11:59:55,12:07:55,12:15:55,12:23:55,12:31:55,12:39:55,12:47:55,12:55:55,13:03:55,13:11:55,13:19:55,13:27:55,13:35:55,13:43:55,13:51:55,13:59:55,14:07:55,14:15:55,14:23:55,14:31:55,14:39:55,14:47:55,14:55:55,15:03:55,15:11:55,15:19:55,15:27:55,15:35:55,15:43:55,15:51:55,15:59:55,16:07:55,16:14:55,16:21:55,16:27:55,16:33:55,16:39:55,16:44:55,16:49:55,16:54:55,16:59:55,17:04:55,17:09:55,17:14:55,17:19:55,17:24:55,17:29:55,17:34:55,17:39:55,17:44:55,17:49:55,17:54:55,17:59:55,18:04:55,18:10:55,18:17:55,18:25:55,18:33:55,18:41:55,18:49:55,18:57:55,19:05:55,19:13:55,19:21:55,19:29:55,19:37:55,19:45:55,19:53:55,20:01:55,20:09:55,20:18:55,20:27:55,20:36:55,20:45:55,20:54:55,21:03:55,21:12:55,21:21:55,21:30:55,21:39:55,21:49:55,21:59:55,22:09:55,22:19:55,22:30:55,22:41:55,22:52:55,23:03:55,23:14:55,23:29:40
평일(하),성서산업단지,도착,,05:41:35,05:51:35,06:01:35,06:08:35,06:15:35,06:22:35,06:29:35,06:36:35,06:42:35,06:48:35,06:54:35,06:59:35,07:04:35,07:09:35,07:14:35,07:19:35,07:24:35,07:29:35,07:34:35,07:39:35,07:44:35,07:49:35,07:54:35,07:59:35,08:04:35,08:09:35,08:15:35,08:21:35,08:27:35,08:33:35,08:39:35,08:46:35,08:53:35,09:00:35,09:07:35,09:14:35,09:21:35,09:28:35,09:35:35,09:42:35,09:49:35,09:56:35,10:03:35,10:10:35,10:17:35,10:25:35,10:33:35,10:41:35,10:49:35,10:57:35,11:05:35,11:13:35,11:21:35,11:29:35,11:37:35,11:45:35,11:53:35,12:01:35,12:09:35,12:17:35,12:25:35,12:33:35,12:41:35,12:49:35,12:57:35,13:05:35,13:13:35,13:21:35,13:29:35,13:37:35,13:45:35,13:53:35,14:01:35,14:09:35,14:17:35,14:25:35,14:33:35,14:41:35,14:49:35,14:57:35,15:05:35,15:13:35,15:21:35,15:29:35,15:37:35,15:45:35,15:53:35,16:01:35,16:09:35,16:16:35,16:23:35,16:29:35,16:35:35,16:41:35,16:46:35,16:51:35,16:56:35,17:01:35,17:06:35,17:11:35,17:16:35,17:21:35,17:26:35,17:31:35,17:36:35,17:41:35,17:46:35,17:51:35,17:56:35,18:01:35,18:06:35,18:12:35,18:19:35,18:27:35,18:35:35,18:43:35,18:51:35,18:59:35,19:07:35,19:15:35,19:23:35,19:31:35,19:39:35,19:47:35,19:55:35,20:03:35,20:11:35,20:20:35,20:29:35,20:38:35,20:47:35,20:56:35,21:05:35,21:14:35,21:23:35,21:32:35,21:41:35,21:51:35,22:01:35,22:11:35,22:21:35,22:32:35,22:43:35,22:54:35,23:05:35,23:16:35,23:31:20
평일(하),성서산업단지,출발,,05:42:00,05:52:00,06:02:00,06:09:00,06:16:00,06:23:00,06:30:00,06:37:00,06:43:00,06:49:00,06:55:00,07:00:00,07:05:00,07:10:00,07:15:00,07:20:00,07:25:00,07:30:00,07:35:00,07:40:00,07:45:00,07:50:00,07:55:00,08:00:00,08:05:00,08:10:00,08:16:00,08:22:00,08:28:00,08:34:00,08:40:00,08:47:00,08:54:00,09:01:00,09:08:00,09:15:00,09:22:00,09:29:00,09:36:00,09:43:00,09:50:00,09:57:00,10:04:00,10:11:00,10:18:00,10:26:00,10:34:00,10:42:00,10:50:00,10:58:00,11:06:00,11:14:00,11:22:00,11:30:00,11:38:00,11:46:00,11:54:00,12:02:00,12:10:00,12:18:00,12:26:00,12:34:00,12:42:00,12:50:00,12:58:00,13:06:00,13:14:00,13:22:00,13:30:00,13:38:00,13:46:00,13:54:00,14:02:00,14:10:00,14:18:00,14:26:00,14:34:00,14:42:00,14:50:00,14:58:00,15:06:00,15:14:00,15:22:00,15:30:00,15:38:00,15:46:00,15:54:00,16:02:00,16:10:00,16:17:00,16:24:00,16:30:00,16:36:00,16:42:00,16:47:00,16:52:00,16:57:00,17:02:00,17:07:00,17:12:00,17:17:00,17:22:00,17:27:00,17:32:00,17:37:00,17:42:00,17:47:00,17:52:00,17:57:00,18:02:00,18:07:00,18:13:00,18:20:00,18:28:00,18:36:00,18:44:00,18:52:00,19:00:00,19:08:00,19:16:00,19:24:00,19:32:00,19:40:00,19:48:00,19:56:00,20:04:00,20:12:00,20:21:00,20:30:00,20:39:00,20:48:00,20:57:00,21:06:00,21:15:00,21:24:00,21:33:00,21:42:00,21:52:00,22:02:00,22:12:00,22:22:00,22:33:00,22:44:00,22:55:00,23:06:00,23:17:00,23:31:45
평일(하),이곡,도착,,05:43:15,05:53:15,06:03:15,06:10:15,06:17:15,06:24:15,06:31:15,06:38:15,06:44:15,06:50:15,06:56:15,07:01:15,07:06:15,07:11:15,07:16:15,07:21:15,07:26:15,07:31:15,07:36:15,07:41:15,07:46:15,07:51:15,07:56:15,08:01:15,08:06:15,08:11:15,08:17:15,08:23:15,08:29:15,08:35:15,08:41:15,08:48:15,08:55:15,09:02:15,09:09:15,09:16:15,09:23:15,09:30:15,09:37:15,09:44:15,09:51:15,09:58:15,10:05:15,10:12:15,10:19:15,10:27:15,10:35:15,10:43:15,10:51:15,10:59:15,11:07:15,11:15:15,11:23:15,11:31:15,11:39:15,11:47:15,11:55:15,12:03:15,12:11:15,12:19:15,12:27:15,12:35:15,12:43:15,12:51:15,12:59:15,13:07:15,13:15:15,13:23:15,13:31:15,13:39:15,13:47:15,13:55:15,14:03:15,14:11:15,14:19:15,14:27:15,14:35:15,14:43:15,14:51:15,14:59:15,15:07:15,15:15:15,15:23:15,15:31:15,15:39:15,15:47:15,15:55:15,16:03:15,16:11:15,16:18:15,16:25:15,16:31:15,16:37:15,16:43:15,16:48:15,16:53:15,16:58:15,17:03:15,17:08:15,17:13:15,17:18:15,17:23:15,17:28:15,17:33:15,17:38:15,17:43:15,17:48:15,17:53:15,17:58:15,18:03:15,18:08:15,18:14:15,18:21:15,18:29:15,18:37:15,18:45:15,18:53:15,19:01:15,19:09:15,19:17:15,19:25:15,19:33:15,19:41:15,19:49:15,19:57:15,20:05:15,20:13:15,20:22:15,20:31:15,20:40:15,20:49:15,20:58:15,21:07:15,21:16:15,21:25:15,21:34:15,21:43:15,21:53:15,22:03:15,22:13:15,22:23:15,22:34:15,22:45:15,22:56:15,23:07:15,23:18:15,23:33:00
평일(하),이곡,출발,05:30:00,05:43:40,05:53:40,06:03:40,06:10:40,06:17:40,06:24:40,06:31:40,06:38:40,06:44:40,06:50:40,06:56:40,07:01:40,07:06:40,07:11:40,07:16:40,07:21:40,07:26:40,07:31:40,07:36:40,07:41:40,07:46:40,07:51:40,07:56:40,08:01:40,08:06:40,08:11:40,08:17:40,08:23:40,08:29:40,08:35:40,08:41:40,08:48:40,08:55:40,09:02:40,09:09:40,09:16:40,09:23:40,09:30:40,09:37:40,09:44:40,09:51:40,09:58:40,10:05:40,10:12:40,10:19:40,10:27:40,10:35:40,10:43:40,10:51:40,10:59:40,11:07:40,11:15:40,11:23:40,11:31:40,11:39:40,11:47:40,11:55:40,12:03:40,12:11:40,12:19:40,12:27:40,12:35:40,12:43:40,12:51:40,12:59:40,13:07:40,13:15:40,13:23:40,13:31:40,13:39:40,13:47:40,13:55:40,14:03:40,14:11:40,14:19:40,14:27:40,14:35:40,14:43:40,14:51:40,14:59:40,15:07:40,15:15:40,15:23:40,15:31:40,15:39:40,15:47:40,15:55:40,16:03:40,16:11:40,16:18:40,16:25:40,16:31:40,16:37:40,16:43:40,16:48:40,16:53:40,16:58:40,17:03:40,17:08:40,17:13:40,17:18:40,17:23:40,17:28:40,17:33:40,17:38:40,17:43:40,17:48:40,17:53:40,17:58:40,18:03:40,18:08:40,18:14:40,18:21:40,18:29:40,18:37:40,18:45:40,18:53:40,19:01:40,19:09:40,19:17:40,19:25:40,19:33:40,19:41:40,19:49:40,19:57:40,20:05:40,20:13:40,20:22:40,20:31:40,20:40:40,20:49:40,20:58:40,21:07:40,21:16:40,21:25:40,21:34:40,21:43:40,21:53:40,22:03:40,22:13:40,22:23:40,22:34:40,22:45:40,22:56:40,23:07:40,23:18:40,23:33:25
평일(하),용산,도착,05:31:50,05:45:30,05:55:30,06:05:30,06:12:30,06:19:30,06:26:30,06:33:30,06:40:30,06:46:30,06:52:30,06:58:30,07:03:30,07:08:30,07:13:30,07:18:30,07:23:30,07:28:30,07:33:30,07:38:30,07:43:30,07:48:30,07:53:30,07:58:30,08:03:30,08:08:30,08:13:30,08:19:30,08:25:30,08:31:30,08:37:30,08:43:30,08:50:30,08:57:30,09:04:30,09:11:30,09:18:30,09:25:30,09:32:30,09:39:30,09:46:30,09:53:30,10:00:30,10:07:30,10:14:30,10:21:30,10:29:30,10:37:30,10:45:30,10:53:30,11:01:30,11:09:30,11:17:30,11:25:30,11:33:30,11:41:30,11:49:30,11:57:30,12:05:30,12:13:30,12:21:30,12:29:30,12:37:30,12:45:30,12:53:30,13:01:30,13:09:30,13:17:30,13:25:30,13:33:30,13:41:30,13:49:30,13:57:30,14:05:30,14:13:30,14:21:30,14:29:30,14:37:30,14:45:30,14:53:30,15:01:30,15:09:30,15:17:30,15:25:30,15:33:30,15:41:30,15:49:30,15:57:30,16:05:30,16:13:30,16:20:30,16:27:30,16:33:30,16:39:30,16:45:30,16:50:30,16:55:30,17:00:30,17:05:30,17:10:30,17:15:30,17:20:30,17:25:30,17:30:30,17:35:30,17:40:30,17:45:30,17:50:30,17:55:30,18:00:30,18:05:30,18:10:30,18:16:30,18:23:30,18:31:30,18:39:30,18:47:30,18:55:30,19:03:30,19:11:30,19:19:30,19:27:30,19:35:30,19:43:30,19:51:30,19:59:30,20:07:30,20:15:30,20:24:30,20:33:30,20:42:30,20:51:30,21:00:30,21:09:30,21:18:30,21:27:30,21:36:30,21:45:30,21:55:30,22:05:30,22:15:30,22:25:30,22:36:30,22:47:30,22:58:30,23:09:30,23:20:30,23:35:15
평일(하),용산,출발,05:32:15,05:45:55,05:55:55,06:05:55,06:12:55,06:19:55,06:26:55,06:33:55,06:40:55,06:46:55,06:52:55,06:58:55,07:03:55,07:08:55,07:13:55,07:18:55,07:23:55,07:28:55,07:33:55,07:38:55,07:43:55,07:48:55,07:53:55,07:58:55,08:03:55,08:08:55,08:13:55,08:19:55,08:25:55,08:31:55,08:37:55,08:43:55,08:50:55,08:57:55,09:04:55,09:11:55,09:18:55,09:25:55,09:32:55,09:39:55,09:46:55,09:53:55,10:00:55,10:07:55,10:14:55,10:21:55,10:29:55,10:37:55,10:45:55,10:53:55,11:01:55,11:09:55,11:17:55,11:25:55,11:33:55,11:41:55,11:49:55,11:57:55,12:05:55,12:13:55,12:21:55,12:29:55,12:37:55,12:45:55,12:53:55,13:01:55,13:09:55,13:17:55,13:25:55,13:33:55,13:41:55,13:49:55,13:57:55,14:05:55,14:13:55,14:21:55,14:29:55,14:37:55,14:45:55,14:53:55,15:01:55,15:09:55,15:17:55,15:25:55,15:33:55,15:41:55,15:49:55,15:57:55,16:05:55,16:13:55,16:20:55,16:27:55,16:33:55,16:39:55,16:45:55,16:50:55,16:55:55,17:00:55,17:05:55,17:10:55,17:15:55,17:20:55,17:25:55,17:30:55,17:35:55,17:40:55,17:45:55,17:50:55,17:55:55,18:00:55,18:05:55,18:10:55,18:16:55,18:23:55,18:31:55,18:39:55,18:47:55,18:55:55,19:03:55,19:11:55,19:19:55,19:27:55,19:35:55,19:43:55,19:51:55,19:59:55,20:07:55,20:15:55,20:24:55,20:33:55,20:42:55,20:51:55,21:00:55,21:09:55,21:18:55,21:27:55,21:36:55,21:45:55,21:55:55,22:05:55,22:15:55,22:25:55,22:36:55,22:47:55,22:58:55,23:09:55,23:20:55,23:35:40
평일(하),죽전,도착,05:33:35,05:47:15,05:57:15,06:07:15,06:14:15,06:21:15,06:28:15,06:35:15,06:42:15,06:48:15,06:54:15,07:00:15,07:05:15,07:10:15,07:15:15,07:20:15,07:25:15,07:30:15,07:35:15,07:40:15,07:45:15,07:50:15,07:55:15,08:00:15,08:05:15,08:10:15,08:15:15,08:21:15,08:27:15,08:33:15,08:39:15,08:45:15,08:52:15,08:59:15,09:06:15,09:13:15,09:20:15,09:27:15,09:34:15,09:41:15,09:48:15,09:55:15,10:02:15,10:09:15,10:16:15,10:23:15,10:31:15,10:39:15,10:47:15,10:55:15,11:03:15,11:11:15,11:19:15,11:27:15,11:35:15,11:43:15,11:51:15,11:59:15,12:07:15,12:15:15,12:23:15,12:31:15,12:39:15,12:47:15,12:55:15,13:03:15,13:11:15,13:19:15,13:27:15,13:35:15,13:43:15,13:51:15,13:59:15,14:07:15,14:15:15,14:23:15,14:31:15,14:39:15,14:47:15,14:55:15,15:03:15,15:11:15,15:19:15,15:27:15,15:35:15,15:43:15,15:51:15,15:59:15,16:07:15,16:15:15,16:22:15,16:29:15,16:35:15,16:41:15,16:47:15,16:52:15,16:57:15,17:02:15,17:07:15,17:12:15,17:17:15,17:22:15,17:27:15,17:32:15,17:37:15,17:42:15,17:47:15,17:52:15,17:57:15,18:02:15,18:07:15,18:12:15,18:18:15,18:25:15,18:33:15,18:41:15,18:49:15,18:57:15,19:05:15,19:13:15,19:21:15,19:29:15,19:37:15,19:45:15,19:53:15,20:01:15,20:09:15,20:17:15,20:26:15,20:35:15,20:44:15,20:53:15,21:02:15,21:11:15,21:20:15,21:29:15,21:38:15,21:47:15,21:57:15,22:07:15,22:17:15,22:27:15,22:38:15,22:49:15,23:00:15,23:11:15,23:22:15,23:37:00
평일(하),죽전,출발,05:34:00,05:47:40,05:57:40,06:07:40,06:14:40,06:21:40,06:28:40,06:35:40,06:42:40,06:48:40,06:54:40,07:00:40,07:05:40,07:10:40,07:15:40,07:20:40,07:25:40,07:30:40,07:35:40,07:40:40,07:45:40,07:50:40,07:55:40,08:00:40,08:05:40,08:10:40,08:15:40,08:21:40,08:27:40,08:33:40,08:39:40,08:45:40,08:52:40,08:59:40,09:06:40,09:13:40,09:20:40,09:27:40,09:34:40,09:41:40,09:48:40,09:55:40,10:02:40,10:09:40,10:16:40,10:23:40,10:31:40,10:39:40,10:47:40,10:55:40,11:03:40,11:11:40,11:19:40,11:27:40,11:35:40,11:43:40,11:51:40,11:59:40,12:07:40,12:15:40,12:23:40,12:31:40,12:39:40,12:47:40,12:55:40,13:03:40,13:11:40,13:19:40,13:27:40,13:35:40,13:43:40,13:51:40,13:59:40,14:07:40,14:15:40,14:23:40,14:31:40,14:39:40,14:47:40,14:55:40,15:03:40,15:11:40,15:19:40,15:27:40,15:35:40,15:43:40,15:51:40,15:59:40,16:07:40,16:15:40,16:22:40,16:29:40,16:35:40,16:41:40,16:47:40,16:52:40,16:57:40,17:02:40,17:07:40,17:12:40,17:17:40,17:22:40,17:27:40,17:32:40,17:37:40,17:42:40,17:47:40,17:52:40,17:57:40,18:02:40,18:07:40,18:12:40,18:18:40,18:25:40,18:33:40,18:41:40,18:49:40,18:57:40,19:05:40,19:13:40,19:21:40,19:29:40,19:37:40,19:45:40,19:53:40,20:01:40,20:09:40,20:17:40,20:26:40,20:35:40,20:44:40,20:53:40,21:02:40,21:11:40,21:20:40,21:29:40,21:38:40,21:47:40,21:57:40,22:07:40,22:17:40,22:27:40,22:38:40,22:49:40,23:00:40,23:11:40,23:22:40,23:37:25
평일(하),감삼,도착,05:35:20,05:49:00,05:59:00,06:09:00,06:16:00,06:23:00,06:30:00,06:37:00,06:44:00,06:50:00,06:56:00,07:02:00,07:07:00,07:12:00,07:17:00,07:22:00,07:27:00,07:32:00,07:37:00,07:42:00,07:47:00,07:52:00,07:57:00,08:02:00,08:07:00,08:12:00,08:17:00,08:23:00,08:29:00,08:35:00,08:41:00,08:47:00,08:54:00,09:01:00,09:08:00,09:15:00,09:22:00,09:29:00,09:36:00,09:43:00,09:50:00,09:57:00,10:04:00,10:11:00,10:18:00,10:25:00,10:33:00,10:41:00,10:49:00,10:57:00,11:05:00,11:13:00,11:21:00,11:29:00,11:37:00,11:45:00,11:53:00,12:01:00,12:09:00,12:17:00,12:25:00,12:33:00,12:41:00,12:49:00,12:57:00,13:05:00,13:13:00,13:21:00,13:29:00,13:37:00,13:45:00,13:53:00,14:01:00,14:09:00,14:17:00,14:25:00,14:33:00,14:41:00,14:49:00,14:57:00,15:05:00,15:13:00,15:21:00,15:29:00,15:37:00,15:45:00,15:53:00,16:01:00,16:09:00,16:17:00,16:24:00,16:31:00,16:37:00,16:43:00,16:49:00,16:54:00,16:59:00,17:04:00,17:09:00,17:14:00,17:19:00,17:24:00,17:29:00,17:34:00,17:39:00,17:44:00,17:49:00,17:54:00,17:59:00,18:04:00,18:09:00,18:14:00,18:20:00,18:27:00,18:35:00,18:43:00,18:51:00,18:59:00,19:07:00,19:15:00,19:23:00,19:31:00,19:39:00,19:47:00,19:55:00,20:03:00,20:11:00,20:19:00,20:28:00,20:37:00,20:46:00,20:55:00,21:04:00,21:13:00,21:22:00,21:31:00,21:40:00,21:49:00,21:59:00,22:09:00,22:19:00,22:29:00,22:40:00,22:51:00,23:02:00,23:13:00,23:24:00,23:38:45
평일(하),감삼,출발,05:35:45,05:49:25,05:59:25,06:09:25,06:16:25,06:23:25,06:30:25,06:37:25,06:44:25,06:50:25,06:56:25,07:02:25,07:07:25,07:12:25,07:17:25,07:22:25,07:27:25,07:32:25,07:37:25,07:42:25,07:47:25,07:52:25,07:57:25,08:02:25,08:07:25,08:12:25,08:17:25,08:23:25,08:29:25,08:35:25,08:41:25,08:47:25,08:54:25,09:01:25,09:08:25,09:15:25,09:22:25,09:29:25,09:36:25,09:43:25,09:50:25,09:57:25,10:04:25,10:11:25,10:18:25,10:25:25,10:33:25,10:41:25,10:49:25,10:57:25,11:05:25,11:13:25,11:21:25,11:29:25,11:37:25,11:45:25,11:53:25,12:01:25,12:09:25,12:17:25,12:25:25,12:33:25,12:41:25,12:49:25,12:57:25,13:05:25,13:13:25,13:21:25,13:29:25,13:37:25,13:45:25,13:53:25,14:01:25,14:09:25,14:17:25,14:25:25,14:33:25,14:41:25,14:49:25,14:57:25,15:05:25,15:13:25,15:21:25,15:29:25,15:37:25,15:45:25,15:53:25,16:01:25,16:09:25,16:17:25,16:24:25,16:31:25,16:37:25,16:43:25,16:49:25,16:54:25,16:59:25,17:04:25,17:09:25,17:14:25,17:19:25,17:24:25,17:29:25,17:34:25,17:39:25,17:44:25,17:49:25,17:54:25,17:59:25,18:04:25,18:09:25,18:14:25,18:20:25,18:27:25,18:35:25,18:43:25,18:51:25,18:59:25,19:07:25,19:15:25,19:23:25,19:31:25,19:39:25,19:47:25,19:55:25,20:03:25,20:11:25,20:19:25,20:28:25,20:37:25,20:46:25,20:55:25,21:04:25,21:13:25,21:22:25,21:31:25,21:40:25,21:49:25,21:59:25,22:09:25,22:19:25,22:29:25,22:40:25,22:51:25,23:02:25,23:13:25,23:24:25,23:39:10
평일(하),두류,도착,05:37:05,05:50:45,06:00:45,06:10:45,06:17:45,06:24:45,06:31:45,06:38:45,06:45:45,06:51:45,06:57:45,07:03:45,07:08:45,07:13:45,07:18:45,07:23:45,07:28:45,07:33:45,07:38:45,07:43:45,07:48:45,07:53:45,07:58:45,08:03:45,08:08:45,08:13:45,08:18:45,08:24:45,08:30:45,08:36:45,08:42:45,08:48:45,08:55:45,09:02:45,09:09:45,09:16:45,09:23:45,09:30:45,09:37:45,09:44:45,09:51:45,09:58:45,10:05:45,10:12:45,10:19:45,10:26:45,10:34:45,10:42:45,10:50:45,10:58:45,11:06:45,11:14:45,11:22:45,11:30:45,11:38:45,11:46:45,11:54:45,12:02:45,12:10:45,12:18:45,12:26:45,12:34:45,12:42:45,12:50:45,12:58:45,13:06:45,13:14:45,13:22:45,13:30:45,13:38:45,13:46:45,13:54:45,14:02:45,14:10:45,14:18:45,14:26:45,14:34:45,14:42:45,14:50:45,14:58:45,15:06:45,15:14:45,15:22:45,15:30:45,15:38:45,15:46:45,15:54:45,16:02:45,16:10:45,16:18:45,16:25:45,16:32:45,16:38:45,16:44:45,16:50:45,16:55:45,17:00:45,17:05:45,17:10:45,17:15:45,17:20:45,17:25:45,17:30:45,17:35:45,17:40:45,17:45:45,17:50:45,17:55:45,18:00:45,18:05:45,18:10:45,18:15:45,18:21:45,18:28:45,18:36:45,18:44:45,18:52:45,19:00:45,19:08:45,19:16:45,19:24:45,19:32:45,19:40:45,19:48:45,19:56:45,20:04:45,20:12:45,20:20:45,20:29:45,20:38:45,20:47:45,20:56:45,21:05:45,21:14:45,21:23:45,21:32:45,21:41:45,21:50:45,22:00:45,22:10:45,22:20:45,22:30:45,22:41:45,22:52:45,23:03:45,23:14:45,23:25:45,23:40:30
평일(하),두류,출발,05:37:30,05:51:10,06:01:10,06:11:10,06:18:10,06:25:10,06:32:10,06:39:10,06:46:10,06:52:10,06:58:10,07:04:10,07:09:10,07:14:10,07:19:10,07:24:10,07:29:10,07:34:10,07:39:10,07:44:10,07:49:10,07:54:10,07:59:10,08:04:10,08:09:10,08:14:10,08:19:10,08:25:10,08:31:10,08:37:10,08:43:10,08:49:10,08:56:10,09:03:10,09:10:10,09:17:10,09:24:10,09:31:10,09:38:10,09:45:10,09:52:10,09:59:10,10:06:10,10:13:10,10:20:10,10:27:10,10:35:10,10:43:10,10:51:10,10:59:10,11:07:10,11:15:10,11:23:10,11:31:10,11:39:10,11:47:10,11:55:10,12:03:10,12:11:10,12:19:10,12:27:10,12:35:10,12:43:10,12:51:10,12:59:10,13:07:10,13:15:10,13:23:10,13:31:10,13:39:10,13:47:10,13:55:10,14:03:10,14:11:10,14:19:10,14:27:10,14:35:10,14:43:10,14:51:10,14:59:10,15:07:10,15:15:10,15:23:10,15:31:10,15:39:10,15:47:10,15:55:10,16:03:10,16:11:10,16:19:10,16:26:10,16:33:10,16:39:10,16:45:10,16:51:10,16:56:10,17:01:10,17:06:10,17:11:10,17:16:10,17:21:10,17:26:10,17:31:10,17:36:10,17:41:10,17:46:10,17:51:10,17:56:10,18:01:10,18:06:10,18:11:10,18:16:10,18:22:10,18:29:10,18:37:10,18:45:10,18:53:10,19:01:10,19:09:10,19:17:10,19:25:10,19:33:10,19:41:10,19:49:10,19:57:10,20:05:10,20:13:10,20:21:10,20:30:10,20:39:10,20:48:10,20:57:10,21:06:10,21:15:10,21:24:10,21:33:10,21:42:10,21:51:10,22:01:10,22:11:10,22:21:10,22:31:10,22:42:10,22:53:10,23:04:10,23:15:10,23:26:10,23:40:55
평일(하),내당,도착,05:38:45,05:52:25,06:02:25,06:12:25,06:19:25,06:26:25,06:33:25,06:40:25,06:47:25,06:53:25,06:59:25,07:05:25,07:10:25,07:15:25,07:20:25,07:25:25,07:30:25,07:35:25,07:40:25,07:45:25,07:50:25,07:55:25,08:00:25,08:05:25,08:10:25,08:15:25,08:20:25,08:26:25,08:32:25,08:38:25,08:44:25,08:50:25,08:57:25,09:04:25,09:11:25,09:18:25,09:25:25,09:32:25,09:39:25,09:46:25,09:53:25,10:00:25,10:07:25,10:14:25,10:21:25,10:28:25,10:36:25,10:44:25,10:52:25,11:00:25,11:08:25,11:16:25,11:24:25,11:32:25,11:40:25,11:48:25,11:56:25,12:04:25,12:12:25,12:20:25,12:28:25,12:36:25,12:44:25,12:52:25,13:00:25,13:08:25,13:16:25,13:24:25,13:32:25,13:40:25,13:48:25,13:56:25,14:04:25,14:12:25,14:20:25,14:28:25,14:36:25,14:44:25,14:52:25,15:00:25,15:08:25,15:16:25,15:24:25,15:32:25,15:40:25,15:48:25,15:56:25,16:04:25,16:12:25,16:20:25,16:27:25,16:34:25,16:40:25,16:46:25,16:52:25,16:57:25,17:02:25,17:07:25,17:12:25,17:17:25,17:22:25,17:27:25,17:32:25,17:37:25,17:42:25,17:47:25,17:52:25,17:57:25,18:02:25,18:07:25,18:12:25,18:17:25,18:23:25,18:30:25,18:38:25,18:46:25,18:54:25,19:02:25,19:10:25,19:18:25,19:26:25,19:34:25,19:42:25,19:50:25,19:58:25,20:06:25,20:14:25,20:22:25,20:31:25,20:40:25,20:49:25,20:58:25,21:07:25,21:16:25,21:25:25,21:34:25,21:43:25,21:52:25,22:02:25,22:12:25,22:22:25,22:32:25,22:43:25,22:54:25,23:05:25,23:16:25,23:27:25,23:42:10
평일(하),내당,출발,05:39:10,05:52:50,06:02:50,06:12:50,06:19:50,06:26:50,06:33:50,06:40:50,06:47:50,06:53:50,06:59:50,07:05:50,07:10:50,07:15:50,07:20:50,07:25:50,07:30:50,07:35:50,07:40:50,07:45:50,07:50:50,07:55:50,08:00:50,08:05:50,08:10:50,08:15:50,08:20:50,08:26:50,08:32:50,08:38:50,08:44:50,08:50:50,08:57:50,09:04:50,09:11:50,09:18:50,09:25:50,09:32:50,09:39:50,09:46:50,09:53:50,10:00:50,10:07:50,10:14:50,10:21:50,10:28:50,10:36:50,10:44:50,10:52:50,11:00:50,11:08:50,11:16:50,11:24:50,11:32:50,11:40:50,11:48:50,11:56:50,12:04:50,12:12:50,12:20:50,12:28:50,12:36:50,12:44:50,12:52:50,13:00:50,13:08:50,13:16:50,13:24:50,13:32:50,13:40:50,13:48:50,13:56:50,14:04:50,14:12:50,14:20:50,14:28:50,14:36:50,14:44:50,14:52:50,15:00:50,15:08:50,15:16:50,15:24:50,15:32:50,15:40:50,15:48:50,15:56:50,16:04:50,16:12:50,16:20:50,16:27:50,16:34:50,16:40:50,16:46:50,16:52:50,16:57:50,17:02:50,17:07:50,17:12:50,17:17:50,17:22:50,17:27:50,17:32:50,17:37:50,17:42:50,17:47:50,17:52:50,17:57:50,18:02:50,18:07:50,18:12:50,18:17:50,18:23:50,18:30:50,18:38:50,18:46:50,18:54:50,19:02:50,19:10:50,19:18:50,19:26:50,19:34:50,19:42:50,19:50:50,19:58:50,20:06:50,20:14:50,20:22:50,20:31:50,20:40:50,20:49:50,20:58:50,21:07:50,21:16:50,21:25:50,21:34:50,21:43:50,21:52:50,22:02:50,22:12:50,22:22:50,22:32:50,22:43:50,22:54:50,23:05:50,23:16:50,23:27:50,23:42:35
평일(하),반고개,도착,05:40:25,05:54:05,06:04:05,06:14:05,06:21:05,06:28:05,06:35:05,06:42:05,06:49:05,06:55:05,07:01:05,07:07:05,07:12:05,07:17:05,07:22:05,07:27:05,07:32:05,07:37:05,07:42:05,07:47:05,07:52:05,07:57:05,08:02:05,08:07:05,08:12:05,08:17:05,08:22:05,08:28:05,08:34:05,08:40:05,08:46:05,08:52:05,08:59:05,09:06:05,09:13:05,09:20:05,09:27:05,09:34:05,09:41:05,09:48:05,09:55:05,10:02:05,10:09:05,10:16:05,10:23:05,10:30:05,10:38:05,10:46:05,10:54:05,11:02:05,11:10:05,11:18:05,11:26:05,11:34:05,11:42:05,11:50:05,11:58:05,12:06:05,12:14:05,12:22:05,12:30:05,12:38:05,12:46:05,12:54:05,13:02:05,13:10:05,13:18:05,13:26:05,13:34:05,13:42:05,13:50:05,13:58:05,14:06:05,14:14:05,14:22:05,14:30:05,14:38:05,14:46:05,14:54:05,15:02:05,15:10:05,15:18:05,15:26:05,15:34:05,15:42:05,15:50:05,15:58:05,16:06:05,16:14:05,16:22:05,16:29:05,16:36:05,16:42:05,16:48:05,16:54:05,16:59:05,17:04:05,17:09:05,17:14:05,17:19:05,17:24:05,17:29:05,17:34:05,17:39:05,17:44:05,17:49:05,17:54:05,17:59:05,18:04:05,18:09:05,18:14:05,18:19:05,18:25:05,18:32:05,18:40:05,18:48:05,18:56:05,19:04:05,19:12:05,19:20:05,19:28:05,19:36:05,19:44:05,19:52:05,20:00:05,20:08:05,20:16:05,20:24:05,20:33:05,20:42:05,20:51:05,21:00:05,21:09:05,21:18:05,21:27:05,21:36:05,21:45:05,21:54:05,22:04:05,22:14:05,22:24:05,22:34:05,22:45:05,22:56:05,23:07:05,23:18:05,23:29:05,23:43:50
평일(하),반고개,출발,05:40:50,05:54:30,06:04:30,06:14:30,06:21:30,06:28:30,06:35:30,06:42:30,06:49:30,06:55:30,07:01:30,07:07:30,07:12:30,07:17:30,07:22:30,07:27:30,07:32:30,07:37:30,07:42:30,07:47:30,07:52:30,07:57:30,08:02:30,08:07:30,08:12:30,08:17:30,08:22:30,08:28:30,08:34:30,08:40:30,08:46:30,08:52:30,08:59:30,09:06:30,09:13:30,09:20:30,09:27:30,09:34:30,09:41:30,09:48:30,09:55:30,10:02:30,10:09:30,10:16:30,10:23:30,10:30:30,10:38:30,10:46:30,10:54:30,11:02:30,11:10:30,11:18:30,11:26:30,11:34:30,11:42:30,11:50:30,11:58:30,12:06:30,12:14:30,12:22:30,12:30:30,12:38:30,12:46:30,12:54:30,13:02:30,13:10:30,13:18:30,13:26:30,13:34:30,13:42:30,13:50:30,13:58:30,14:06:30,14:14:30,14:22:30,14:30:30,14:38:30,14:46:30,14:54:30,15:02:30,15:10:30,15:18:30,15:26:30,15:34:30,15:42:30,15:50:30,15:58:30,16:06:30,16:14:30,16:22:30,16:29:30,16:36:30,16:42:30,16:48:30,16:54:30,16:59:30,17:04:30,17:09:30,17:14:30,17:19:30,17:24:30,17:29:30,17:34:30,17:39:30,17:44:30,17:49:30,17:54:30,17:59:30,18:04:30,18:09:30,18:14:30,18:19:30,18:25:30,18:32:30,18:40:30,18:48:30,18:56:30,19:04:30,19:12:30,19:20:30,19:28:30,19:36:30,19:44:30,19:52:30,20:00:30,20:08:30,20:16:30,20:24:30,20:33:30,20:42:30,20:51:30,21:00:30,21:09:30,21:18:30,21:27:30,21:36:30,21:45:30,21:54:30,22:04:30,22:14:30,22:24:30,22:34:30,22:45:30,22:56:30,23:07:30,23:18:30,23:29:30,23:44:15
평일(하),청라언덕2,도착,05:42:10,05:55:50,06:05:50,06:15:50,06:22:50,06:29:50,06:36:50,06:43:50,06:50:50,06:56:50,07:02:50,07:08:50,07:13:50,07:18:50,07:23:50,07:28:50,07:33:50,07:38:50,07:43:50,07:48:50,07:53:50,07:58:50,08:03:50,08:08:50,08:13:50,08:18:50,08:23:50,08:29:50,08:35:50,08:41:50,08:47:50,08:53:50,09:00:50,09:07:50,09:14:50,09:21:50,09:28:50,09:35:50,09:42:50,09:49:50,09:56:50,10:03:50,10:10:50,10:17:50,10:24:50,10:31:50,10:39:50,10:47:50,10:55:50,11:03:50,11:11:50,11:19:50,11:27:50,11:35:50,11:43:50,11:51:50,11:59:50,12:07:50,12:15:50,12:23:50,12:31:50,12:39:50,12:47:50,12:55:50,13:03:50,13:11:50,13:19:50,13:27:50,13:35:50,13:43:50,13:51:50,13:59:50,14:07:50,14:15:50,14:23:50,14:31:50,14:39:50,14:47:50,14:55:50,15:03:50,15:11:50,15:19:50,15:27:50,15:35:50,15:43:50,15:51:50,15:59:50,16:07:50,16:15:50,16:23:50,16:30:50,16:37:50,16:43:50,16:49:50,16:55:50,17:00:50,17:05:50,17:10:50,17:15:50,17:20:50,17:25:50,17:30:50,17:35:50,17:40:50,17:45:50,17:50:50,17:55:50,18:00:50,18:05:50,18:10:50,18:15:50,18:20:50,18:26:50,18:33:50,18:41:50,18:49:50,18:57:50,19:05:50,19:13:50,19:21:50,19:29:50,19:37:50,19:45:50,19:53:50,20:01:50,20:09:50,20:17:50,20:25:50,20:34:50,20:43:50,20:52:50,21:01:50,21:10:50,21:19:50,21:28:50,21:37:50,21:46:50,21:55:50,22:05:50,22:15:50,22:25:50,22:35:50,22:46:50,22:57:50,23:08:50,23:19:50,23:30:50,23:45:35
평일(하),청라언덕2,출발,05:42:35,05:56:15,06:06:15,06:16:15,06:23:15,06:30:15,06:37:15,06:44:15,06:51:15,06:57:15,07:03:15,07:09:15,07:14:15,07:19:15,07:24:15,07:29:15,07:34:15,07:39:15,07:44:15,07:49:15,07:54:15,07:59:15,08:04:15,08:09:15,08:14:15,08:19:15,08:24:15,08:30:15,08:36:15,08:42:15,08:48:15,08:54:15,09:01:15,09:08:15,09:15:15,09:22:15,09:29:15,09:36:15,09:43:15,09:50:15,09:57:15,10:04:15,10:11:15,10:18:15,10:25:15,10:32:15,10:40:15,10:48:15,10:56:15,11:04:15,11:12:15,11:20:15,11:28:15,11:36:15,11:44:15,11:52:15,12:00:15,12:08:15,12:16:15,12:24:15,12:32:15,12:40:15,12:48:15,12:56:15,13:04:15,13:12:15,13:20:15,13:28:15,13:36:15,13:44:15,13:52:15,14:00:15,14:08:15,14:16:15,14:24:15,14:32:15,14:40:15,14:48:15,14:56:15,15:04:15,15:12:15,15:20:15,15:28:15,15:36:15,15:44:15,15:52:15,16:00:15,16:08:15,16:16:15,16:24:15,16:31:15,16:38:15,16:44:15,16:50:15,16:56:15,17:01:15,17:06:15,17:11:15,17:16:15,17:21:15,17:26:15,17:31:15,17:36:15,17:41:15,17:46:15,17:51:15,17:56:15,18:01:15,18:06:15,18:11:15,18:16:15,18:21:15,18:27:15,18:34:15,18:42:15,18:50:15,18:58:15,19:06:15,19:14:15,19:22:15,19:30:15,19:38:15,19:46:15,19:54:15,20:02:15,20:10:15,20:18:15,20:26:15,20:35:15,20:44:15,20:53:15,21:02:15,21:11:15,21:20:15,21:29:15,21:38:15,21:47:15,21:56:15,22:06:15,22:16:15,22:26:15,22:36:15,22:47:15,22:58:15,23:09:15,23:20:15,23:31:15,23:46:00
평일(하),반월당2,도착,05:44:05,05:57:45,06:07:45,06:17:45,06:24:45,06:31:45,06:38:45,06:45:45,06:52:45,06:58:45,07:04:45,07:10:45,07:15:45,07:20:45,07:25:45,07:30:45,07:35:45,07:40:45,07:45:45,07:50:45,07:55:45,08:00:45,08:05:45,08:10:45,08:15:45,08:20:45,08:25:45,08:31:45,08:37:45,08:43:45,08:49:45,08:55:45,09:02:45,09:09:45,09:16:45,09:23:45,09:30:45,09:37:45,09:44:45,09:51:45,09:58:45,10:05:45,10:12:45,10:19:45,10:26:45,10:33:45,10:41:45,10:49:45,10:57:45,11:05:45,11:13:45,11:21:45,11:29:45,11:37:45,11:45:45,11:53:45,12:01:45,12:09:45,12:17:45,12:25:45,12:33:45,12:41:45,12:49:45,12:57:45,13:05:45,13:13:45,13:21:45,13:29:45,13:37:45,13:45:45,13:53:45,14:01:45,14:09:45,14:17:45,14:25:45,14:33:45,14:41:45,14:49:45,14:57:45,15:05:45,15:13:45,15:21:45,15:29:45,15:37:45,15:45:45,15:53:45,16:01:45,16:09:45,16:17:45,16:25:45,16:32:45,16:39:45,16:45:45,16:51:45,16:57:45,17:02:45,17:07:45,17:12:45,17:17:45,17:22:45,17:27:45,17:32:45,17:37:45,17:42:45,17:47:45,17:52:45,17:57:45,18:02:45,18:07:45,18:12:45,18:17:45,18:22:45,18:28:45,18:35:45,18:43:45,18:51:45,18:59:45,19:07:45,19:15:45,19:23:45,19:31:45,19:39:45,19:47:45,19:55:45,20:03:45,20:11:45,20:19:45,20:27:45,20:36:45,20:45:45,20:54:45,21:03:45,21:12:45,21:21:45,21:30:45,21:39:45,21:48:45,21:57:45,22:07:45,22:17:45,22:27:45,22:37:45,22:48:45,22:59:45,23:10:45,23:21:45,23:32:45,23:47:30
평일(하),반월당2,출발,05:44:30,05:58:10,06:08:10,06:18:10,06:25:10,06:32:10,06:39:10,06:46:10,06:53:10,06:59:10,07:05:10,07:11:10,07:16:10,07:21:10,07:26:10,07:31:10,07:36:10,07:41:10,07:46:10,07:51:10,07:56:10,08:01:10,08:06:10,08:11:10,08:16:10,08:21:10,08:26:10,08:32:10,08:38:10,08:44:10,08:50:10,08:56:10,09:03:10,09:10:10,09:17:10,09:24:10,09:31:10,09:38:10,09:45:10,09:52:10,09:59:10,10:06:10,10:13:10,10:20:10,10:27:10,10:34:10,10:42:10,10:50:10,10:58:10,11:06:10,11:14:10,11:22:10,11:30:10,11:38:10,11:46:10,11:54:10,12:02:10,12:10:10,12:18:10,12:26:10,12:34:10,12:42:10,12:50:10,12:58:10,13:06:10,13:14:10,13:22:10,13:30:10,13:38:10,13:46:10,13:54:10,14:02:10,14:10:10,14:18:10,14:26:10,14:34:10,14:42:10,14:50:10,14:58:10,15:06:10,15:14:10,15:22:10,15:30:10,15:38:10,15:46:10,15:54:10,16:02:10,16:10:10,16:18:10,16:26:10,16:33:10,16:40:10,16:46:10,16:52:10,16:58:10,17:03:10,17:08:10,17:13:10,17:18:10,17:23:10,17:28:10,17:33:10,17:38:10,17:43:10,17:48:10,17:53:10,17:58:10,18:03:10,18:08:10,18:13:10,18:18:10,18:23:10,18:29:10,18:36:10,18:44:10,18:52:10,19:00:10,19:08:10,19:16:10,19:24:10,19:32:10,19:40:10,19:48:10,19:56:10,20:04:10,20:12:10,20:20:10,20:28:10,20:37:10,20:46:10,20:55:10,21:04:10,21:13:10,21:22:10,21:31:10,21:40:10,21:49:10,21:58:10,22:08:10,22:18:10,22:28:10,22:38:10,22:49:10,23:00:10,23:11:10,23:22:10,23:33:10,23:47:55
평일(하),경대병원,도착,05:45:55,05:59:35,06:09:35,06:19:35,06:26:35,06:33:35,06:40:35,06:47:35,06:54:35,07:00:35,07:06:35,07:12:35,07:17:35,07:22:35,07:27:35,07:32:35,07:37:35,07:42:35,07:47:35,07:52:35,07:57:35,08:02:35,08:07:35,08:12:35,08:17:35,08:22:35,08:27:35,08:33:35,08:39:35,08:45:35,08:51:35,08:57:35,09:04:35,09:11:35,09:18:35,09:25:35,09:32:35,09:39:35,09:46:35,09:53:35,10:00:35,10:07:35,10:14:35,10:21:35,10:28:35,10:35:35,10:43:35,10:51:35,10:59:35,11:07:35,11:15:35,11:23:35,11:31:35,11:39:35,11:47:35,11:55:35,12:03:35,12:11:35,12:19:35,12:27:35,12:35:35,12:43:35,12:51:35,12:59:35,13:07:35,13:15:35,13:23:35,13:31:35,13:39:35,13:47:35,13:55:35,14:03:35,14:11:35,14:19:35,14:27:35,14:35:35,14:43:35,14:51:35,14:59:35,15:07:35,15:15:35,15:23:35,15:31:35,15:39:35,15:47:35,15:55:35,16:03:35,16:11:35,16:19:35,16:27:35,16:34:35,16:41:35,16:47:35,16:53:35,16:59:35,17:04:35,17:09:35,17:14:35,17:19:35,17:24:35,17:29:35,17:34:35,17:39:35,17:44:35,17:49:35,17:54:35,17:59:35,18:04:35,18:09:35,18:14:35,18:19:35,18:24:35,18:30:35,18:37:35,18:45:35,18:53:35,19:01:35,19:09:35,19:17:35,19:25:35,19:33:35,19:41:35,19:49:35,19:57:35,20:05:35,20:13:35,20:21:35,20:29:35,20:38:35,20:47:35,20:56:35,21:05:35,21:14:35,21:23:35,21:32:35,21:41:35,21:50:35,21:59:35,22:09:35,22:19:35,22:29:35,22:39:35,22:50:35,23:01:35,23:12:35,23:23:35,23:34:35,23:49:20
평일(하),경대병원,출발,05:46:20,06:00:00,06:10:00,06:20:00,06:27:00,06:34:00,06:41:00,06:48:00,06:55:00,07:01:00,07:07:00,07:13:00,07:18:00,07:23:00,07:28:00,07:33:00,07:38:00,07:43:00,07:48:00,07:53:00,07:58:00,08:03:00,08:08:00,08:13:00,08:18:00,08:23:00,08:28:00,08:34:00,08:40:00,08:46:00,08:52:00,08:58:00,09:05:00,09:12:00,09:19:00,09:26:00,09:33:00,09:40:00,09:47:00,09:54:00,10:01:00,10:08:00,10:15:00,10:22:00,10:29:00,10:36:00,10:44:00,10:52:00,11:00:00,11:08:00,11:16:00,11:24:00,11:32:00,11:40:00,11:48:00,11:56:00,12:04:00,12:12:00,12:20:00,12:28:00,12:36:00,12:44:00,12:52:00,13:00:00,13:08:00,13:16:00,13:24:00,13:32:00,13:40:00,13:48:00,13:56:00,14:04:00,14:12:00,14:20:00,14:28:00,14:36:00,14:44:00,14:52:00,15:00:00,15:08:00,15:16:00,15:24:00,15:32:00,15:40:00,15:48:00,15:56:00,16:04:00,16:12:00,16:20:00,16:28:00,16:35:00,16:42:00,16:48:00,16:54:00,17:00:00,17:05:00,17:10:00,17:15:00,17:20:00,17:25:00,17:30:00,17:35:00,17:40:00,17:45:00,17:50:00,17:55:00,18:00:00,18:05:00,18:10:00,18:15:00,18:20:00,18:25:00,18:31:00,18:38:00,18:46:00,18:54:00,19:02:00,19:10:00,19:18:00,19:26:00,19:34:00,19:42:00,19:50:00,19:58:00,20:06:00,20:14:00,20:22:00,20:30:00,20:39:00,20:48:00,20:57:00,21:06:00,21:15:00,21:24:00,21:33:00,21:42:00,21:51:00,22:00:00,22:10:00,22:20:00,22:30:00,22:40:00,22:51:00,23:02:00,23:13:00,23:24:00,23:35:00,23:49:45
평일(하),대구은행,도착,05:48:00,06:01:40,06:11:40,06:21:40,06:28:40,06:35:40,06:42:40,06:49:40,06:56:40,07:02:40,07:08:40,07:14:40,07:19:40,07:24:40,07:29:40,07:34:40,07:39:40,07:44:40,07:49:40,07:54:40,07:59:40,08:04:40,08:09:40,08:14:40,08:19:40,08:24:40,08:29:40,08:35:40,08:41:40,08:47:40,08:53:40,08:59:40,09:06:40,09:13:40,09:20:40,09:27:40,09:34:40,09:41:40,09:48:40,09:55:40,10:02:40,10:09:40,10:16:40,10:23:40,10:30:40,10:37:40,10:45:40,10:53:40,11:01:40,11:09:40,11:17:40,11:25:40,11:33:40,11:41:40,11:49:40,11:57:40,12:05:40,12:13:40,12:21:40,12:29:40,12:37:40,12:45:40,12:53:40,13:01:40,13:09:40,13:17:40,13:25:40,13:33:40,13:41:40,13:49:40,13:57:40,14:05:40,14:13:40,14:21:40,14:29:40,14:37:40,14:45:40,14:53:40,15:01:40,15:09:40,15:17:40,15:25:40,15:33:40,15:41:40,15:49:40,15:57:40,16:05:40,16:13:40,16:21:40,16:29:40,16:36:40,16:43:40,16:49:40,16:55:40,17:01:40,17:06:40,17:11:40,17:16:40,17:21:40,17:26:40,17:31:40,17:36:40,17:41:40,17:46:40,17:51:40,17:56:40,18:01:40,18:06:40,18:11:40,18:16:40,18:21:40,18:26:40,18:32:40,18:39:40,18:47:40,18:55:40,19:03:40,19:11:40,19:19:40,19:27:40,19:35:40,19:43:40,19:51:40,19:59:40,20:07:40,20:15:40,20:23:40,20:31:40,20:40:40,20:49:40,20:58:40,21:07:40,21:16:40,21:25:40,21:34:40,21:43:40,21:52:40,22:01:40,22:11:40,22:21:40,22:31:40,22:41:40,22:52:40,23:03:40,23:14:40,23:25:40,23:36:40,23:51:25
평일(하),대구은행,출발,05:48:25,06:02:05,06:12:05,06:22:05,06:29:05,06:36:05,06:43:05,06:50:05,06:57:05,07:03:05,07:09:05,07:15:05,07:20:05,07:25:05,07:30:05,07:35:05,07:40:05,07:45:05,07:50:05,07:55:05,08:00:05,08:05:05,08:10:05,08:15:05,08:20:05,08:25:05,08:30:05,08:36:05,08:42:05,08:48:05,08:54:05,09:00:05,09:07:05,09:14:05,09:21:05,09:28:05,09:35:05,09:42:05,09:49:05,09:56:05,10:03:05,10:10:05,10:17:05,10:24:05,10:31:05,10:38:05,10:46:05,10:54:05,11:02:05,11:10:05,11:18:05,11:26:05,11:34:05,11:42:05,11:50:05,11:58:05,12:06:05,12:14:05,12:22:05,12:30:05,12:38:05,12:46:05,12:54:05,13:02:05,13:10:05,13:18:05,13:26:05,13:34:05,13:42:05,13:50:05,13:58:05,14:06:05,14:14:05,14:22:05,14:30:05,14:38:05,14:46:05,14:54:05,15:02:05,15:10:05,15:18:05,15:26:05,15:34:05,15:42:05,15:50:05,15:58:05,16:06:05,16:14:05,16:22:05,16:30:05,16:37:05,16:44:05,16:50:05,16:56:05,17:02:05,17:07:05,17:12:05,17:17:05,17:22:05,17:27:05,17:32:05,17:37:05,17:42:05,17:47:05,17:52:05,17:57:05,18:02:05,18:07:05,18:12:05,18:17:05,18:22:05,18:27:05,18:33:05,18:40:05,18:48:05,18:56:05,19:04:05,19:12:05,19:20:05,19:28:05,19:36:05,19:44:05,19:52:05,20:00:05,20:08:05,20:16:05,20:24:05,20:32:05,20:41:05,20:50:05,20:59:05,21:08:05,21:17:05,21:26:05,21:35:05,21:44:05,21:53:05,22:02:05,22:12:05,22:22:05,22:32:05,22:42:05,22:53:05,23:04:05,23:15:05,23:26:05,23:37:05,23:51:50
평일(하),범어,도착,05:49:50,06:03:30,06:13:30,06:23:30,06:30:30,06:37:30,06:44:30,06:51:30,06:58:30,07:04:30,07:10:30,07:16:30,07:21:30,07:26:30,07:31:30,07:36:30,07:41:30,07:46:30,07:51:30,07:56:30,08:01:30,08:06:30,08:11:30,08:16:30,08:21:30,08:26:30,08:31:30,08:37:30,08:43:30,08:49:30,08:55:30,09:01:30,09:08:30,09:15:30,09:22:30,09:29:30,09:36:30,09:43:30,09:50:30,09:57:30,10:04:30,10:11:30,10:18:30,10:25:30,10:32:30,10:39:30,10:47:30,10:55:30,11:03:30,11:11:30,11:19:30,11:27:30,11:35:30,11:43:30,11:51:30,11:59:30,12:07:30,12:15:30,12:23:30,12:31:30,12:39:30,12:47:30,12:55:30,13:03:30,13:11:30,13:19:30,13:27:30,13:35:30,13:43:30,13:51:30,13:59:30,14:07:30,14:15:30,14:23:30,14:31:30,14:39:30,14:47:30,14:55:30,15:03:30,15:11:30,15:19:30,15:27:30,15:35:30,15:43:30,15:51:30,15:59:30,16:07:30,16:15:30,16:23:30,16:31:30,16:38:30,16:45:30,16:51:30,16:57:30,17:03:30,17:08:30,17:13:30,17:18:30,17:23:30,17:28:30,17:33:30,17:38:30,17:43:30,17:48:30,17:53:30,17:58:30,18:03:30,18:08:30,18:13:30,18:18:30,18:23:30,18:28:30,18:34:30,18:41:30,18:49:30,18:57:30,19:05:30,19:13:30,19:21:30,19:29:30,19:37:30,19:45:30,19:53:30,20:01:30,20:09:30,20:17:30,20:25:30,20:33:30,20:42:30,20:51:30,21:00:30,21:09:30,21:18:30,21:27:30,21:36:30,21:45:30,21:54:30,22:03:30,22:13:30,22:23:30,22:33:30,22:43:30,22:54:30,23:05:30,23:16:30,23:27:30,23:38:30,23:53:15
평일(하),범어,출발,05:50:15,06:03:55,06:13:55,06:23:55,06:30:55,06:37:55,06:44:55,06:51:55,06:58:55,07:04:55,07:10:55,07:16:55,07:21:55,07:26:55,07:31:55,07:36:55,07:41:55,07:46:55,07:51:55,07:56:55,08:01:55,08:06:55,08:11:55,08:16:55,08:21:55,08:26:55,08:31:55,08:37:55,08:43:55,08:49:55,08:55:55,09:01:55,09:08:55,09:15:55,09:22:55,09:29:55,09:36:55,09:43:55,09:50:55,09:57:55,10:04:55,10:11:55,10:18:55,10:25:55,10:32:55,10:39:55,10:47:55,10:55:55,11:03:55,11:11:55,11:19:55,11:27:55,11:35:55,11:43:55,11:51:55,11:59:55,12:07:55,12:15:55,12:23:55,12:31:55,12:39:55,12:47:55,12:55:55,13:03:55,13:11:55,13:19:55,13:27:55,13:35:55,13:43:55,13:51:55,13:59:55,14:07:55,14:15:55,14:23:55,14:31:55,14:39:55,14:47:55,14:55:55,15:03:55,15:11:55,15:19:55,15:27:55,15:35:55,15:43:55,15:51:55,15:59:55,16:07:55,16:15:55,16:23:55,16:31:55,16:38:55,16:45:55,16:51:55,16:57:55,17:03:55,17:08:55,17:13:55,17:18:55,17:23:55,17:28:55,17:33:55,17:38:55,17:43:55,17:48:55,17:53:55,17:58:55,18:03:55,18:08:55,18:13:55,18:18:55,18:23:55,18:28:55,18:34:55,18:41:55,18:49:55,18:57:55,19:05:55,19:13:55,19:21:55,19:29:55,19:37:55,19:45:55,19:53:55,20:01:55,20:09:55,20:17:55,20:25:55,20:33:55,20:42:55,20:51:55,21:00:55,21:09:55,21:18:55,21:27:55,21:36:55,21:45:55,21:54:55,22:03:55,22:13:55,22:23:55,22:33:55,22:43:55,22:54:55,23:05:55,23:16:55,23:27:55,23:38:55,23:53:40
평일(하),수성구청,도착,05:51:35,06:05:15,06:15:15,06:25:15,06:32:15,06:39:15,06:46:15,06:53:15,07:00:15,07:06:15,07:12:15,07:18:15,07:23:15,07:28:15,07:33:15,07:38:15,07:43:15,07:48:15,07:53:15,07:58:15,08:03:15,08:08:15,08:13:15,08:18:15,08:23:15,08:28:15,08:33:15,08:39:15,08:45:15,08:51:15,08:57:15,09:03:15,09:10:15,09:17:15,09:24:15,09:31:15,09:38:15,09:45:15,09:52:15,09:59:15,10:06:15,10:13:15,10:20:15,10:27:15,10:34:15,10:41:15,10:49:15,10:57:15,11:05:15,11:13:15,11:21:15,11:29:15,11:37:15,11:45:15,11:53:15,12:01:15,12:09:15,12:17:15,12:25:15,12:33:15,12:41:15,12:49:15,12:57:15,13:05:15,13:13:15,13:21:15,13:29:15,13:37:15,13:45:15,13:53:15,14:01:15,14:09:15,14:17:15,14:25:15,14:33:15,14:41:15,14:49:15,14:57:15,15:05:15,15:13:15,15:21:15,15:29:15,15:37:15,15:45:15,15:53:15,16:01:15,16:09:15,16:17:15,16:25:15,16:33:15,16:40:15,16:47:15,16:53:15,16:59:15,17:05:15,17:10:15,17:15:15,17:20:15,17:25:15,17:30:15,17:35:15,17:40:15,17:45:15,17:50:15,17:55:15,18:00:15,18:05:15,18:10:15,18:15:15,18:20:15,18:25:15,18:30:15,18:36:15,18:43:15,18:51:15,18:59:15,19:07:15,19:15:15,19:23:15,19:31:15,19:39:15,19:47:15,19:55:15,20:03:15,20:11:15,20:19:15,20:27:15,20:35:15,20:44:15,20:53:15,21:02:15,21:11:15,21:20:15,21:29:15,21:38:15,21:47:15,21:56:15,22:05:15,22:15:15,22:25:15,22:35:15,22:45:15,22:56:15,23:07:15,23:18:15,23:29:15,23:40:15,23:55:00
평일(하),수성구청,출발,05:52:00,06:05:40,06:15:40,06:25:40,06:32:40,06:39:40,06:46:40,06:53:40,07:00:40,07:06:40,07:12:40,07:18:40,07:23:40,07:28:40,07:33:40,07:38:40,07:43:40,07:48:40,07:53:40,07:58:40,08:03:40,08:08:40,08:13:40,08:18:40,08:23:40,08:28:40,08:33:40,08:39:40,08:45:40,08:51:40,08:57:40,09:03:40,09:10:40,09:17:40,09:24:40,09:31:40,09:38:40,09:45:40,09:52:40,09:59:40,10:06:40,10:13:40,10:20:40,10:27:40,10:34:40,10:41:40,10:49:40,10:57:40,11:05:40,11:13:40,11:21:40,11:29:40,11:37:40,11:45:40,11:53:40,12:01:40,12:09:40,12:17:40,12:25:40,12:33:40,12:41:40,12:49:40,12:57:40,13:05:40,13:13:40,13:21:40,13:29:40,13:37:40,13:45:40,13:53:40,14:01:40,14:09:40,14:17:40,14:25:40,14:33:40,14:41:40,14:49:40,14:57:40,15:05:40,15:13:40,15:21:40,15:29:40,15:37:40,15:45:40,15:53:40,16:01:40,16:09:40,16:17:40,16:25:40,16:33:40,16:40:40,16:47:40,16:53:40,16:59:40,17:05:40,17:10:40,17:15:40,17:20:40,17:25:40,17:30:40,17:35:40,17:40:40,17:45:40,17:50:40,17:55:40,18:00:40,18:05:40,18:10:40,18:15:40,18:20:40,18:25:40,18:30:40,18:36:40,18:43:40,18:51:40,18:59:40,19:07:40,19:15:40,19:23:40,19:31:40,19:39:40,19:47:40,19:55:40,20:03:40,20:11:40,20:19:40,20:27:40,20:35:40,20:44:40,20:53:40,21:02:40,21:11:40,21:20:40,21:29:40,21:38:40,21:47:40,21:56:40,22:05:40,22:15:40,22:25:40,22:35:40,22:45:40,22:56:40,23:07:40,23:18:40,23:29:40,23:40:40,
평일(하),만촌,도착,05:53:20,06:07:00,06:17:00,06:27:00,06:34:00,06:41:00,06:48:00,06:55:00,07:02:00,07:08:00,07:14:00,07:20:00,07:25:00,07:30:00,07:35:00,07:40:00,07:45:00,07:50:00,07:55:00,08:00:00,08:05:00,08:10:00,08:15:00,08:20:00,08:25:00,08:30:00,08:35:00,08:41:00,08:47:00,08:53:00,08:59:00,09:05:00,09:12:00,09:19:00,09:26:00,09:33:00,09:40:00,09:47:00,09:54:00,10:01:00,10:08:00,10:15:00,10:22:00,10:29:00,10:36:00,10:43:00,10:51:00,10:59:00,11:07:00,11:15:00,11:23:00,11:31:00,11:39:00,11:47:00,11:55:00,12:03:00,12:11:00,12:19:00,12:27:00,12:35:00,12:43:00,12:51:00,12:59:00,13:07:00,13:15:00,13:23:00,13:31:00,13:39:00,13:47:00,13:55:00,14:03:00,14:11:00,14:19:00,14:27:00,14:35:00,14:43:00,14:51:00,14:59:00,15:07:00,15:15:00,15:23:00,15:31:00,15:39:00,15:47:00,15:55:00,16:03:00,16:11:00,16:19:00,16:27:00,16:35:00,16:42:00,16:49:00,16:55:00,17:01:00,17:07:00,17:12:00,17:17:00,17:22:00,17:27:00,17:32:00,17:37:00,17:42:00,17:47:00,17:52:00,17:57:00,18:02:00,18:07:00,18:12:00,18:17:00,18:22:00,18:27:00,18:32:00,18:38:00,18:45:00,18:53:00,19:01:00,19:09:00,19:17:00,19:25:00,19:33:00,19:41:00,19:49:00,19:57:00,20:05:00,20:13:00,20:21:00,20:29:00,20:37:00,20:46:00,20:55:00,21:04:00,21:13:00,21:22:00,21:31:00,21:40:00,21:49:00,21:58:00,22:07:00,22:17:00,22:27:00,22:37:00,22:47:00,22:58:00,23:09:00,23:20:00,23:31:00,23:42:00,
평일(하),만촌,출발,05:53:45,06:07:25,06:17:25,06:27:25,06:34:25,06:41:25,06:48:25,06:55:25,07:02:25,07:08:25,07:14:25,07:20:25,07:25:25,07:30:25,07:35:25,07:40:25,07:45:25,07:50:25,07:55:25,08:00:25,08:05:25,08:10:25,08:15:25,08:20:25,08:25:25,08:30:25,08:35:25,08:41:25,08:47:25,08:53:25,08:59:25,09:05:25,09:12:25,09:19:25,09:26:25,09:33:25,09:40:25,09:47:25,09:54:25,10:01:25,10:08:25,10:15:25,10:22:25,10:29:25,10:36:25,10:43:25,10:51:25,10:59:25,11:07:25,11:15:25,11:23:25,11:31:25,11:39:25,11:47:25,11:55:25,12:03:25,12:11:25,12:19:25,12:27:25,12:35:25,12:43:25,12:51:25,12:59:25,13:07:25,13:15:25,13:23:25,13:31:25,13:39:25,13:47:25,13:55:25,14:03:25,14:11:25,14:19:25,14:27:25,14:35:25,14:43:25,14:51:25,14:59:25,15:07:25,15:15:25,15:23:25,15:31:25,15:39:25,15:47:25,15:55:25,16:03:25,16:11:25,16:19:25,16:27:25,16:35:25,16:42:25,16:49:25,16:55:25,17:01:25,17:07:25,17:12:25,17:17:25,17:22:25,17:27:25,17:32:25,17:37:25,17:42:25,17:47:25,17:52:25,17:57:25,18:02:25,18:07:25,18:12:25,18:17:25,18:22:25,18:27:25,18:32:25,18:38:25,18:45:25,18:53:25,19:01:25,19:09:25,19:17:25,19:25:25,19:33:25,19:41:25,19:49:25,19:57:25,20:05:25,20:13:25,20:21:25,20:29:25,20:37:25,20:46:25,20:55:25,21:04:25,21:13:25,21:22:25,21:31:25,21:40:25,21:49:25,21:58:25,22:07:25,22:17:25,22:27:25,22:37:25,22:47:25,22:58:25,23:09:25,23:20:25,23:31:25,23:42:25,
평일(하),담티,도착,05:55:10,06:08:50,06:18:50,06:28:50,06:35:50,06:42:50,06:49:50,06:56:50,07:03:50,07:09:50,07:15:50,07:21:50,07:26:50,07:31:50,07:36:50,07:41:50,07:46:50,07:51:50,07:56:50,08:01:50,08:06:50,08:11:50,08:16:50,08:21:50,08:26:50,08:31:50,08:36:50,08:42:50,08:48:50,08:54:50,09:00:50,09:06:50,09:13:50,09:20:50,09:27:50,09:34:50,09:41:50,09:48:50,09:55:50,10:02:50,10:09:50,10:16:50,10:23:50,10:30:50,10:37:50,10:44:50,10:52:50,11:00:50,11:08:50,11:16:50,11:24:50,11:32:50,11:40:50,11:48:50,11:56:50,12:04:50,12:12:50,12:20:50,12:28:50,12:36:50,12:44:50,12:52:50,13:00:50,13:08:50,13:16:50,13:24:50,13:32:50,13:40:50,13:48:50,13:56:50,14:04:50,14:12:50,14:20:50,14:28:50,14:36:50,14:44:50,14:52:50,15:00:50,15:08:50,15:16:50,15:24:50,15:32:50,15:40:50,15:48:50,15:56:50,16:04:50,16:12:50,16:20:50,16:28:50,16:36:50,16:43:50,16:50:50,16:56:50,17:02:50,17:08:50,17:13:50,17:18:50,17:23:50,17:28:50,17:33:50,17:38:50,17:43:50,17:48:50,17:53:50,17:58:50,18:03:50,18:08:50,18:13:50,18:18:50,18:23:50,18:28:50,18:33:50,18:39:50,18:46:50,18:54:50,19:02:50,19:10:50,19:18:50,19:26:50,19:34:50,19:42:50,19:50:50,19:58:50,20:06:50,20:14:50,20:22:50,20:30:50,20:38:50,20:47:50,20:56:50,21:05:50,21:14:50,21:23:50,21:32:50,21:41:50,21:50:50,21:59:50,22:08:50,22:18:50,22:28:50,22:38:50,22:48:50,22:59:50,23:10:50,23:21:50,23:32:50,23:43:50,
평일(하),담티,출발,05:55:35,06:09:15,06:19:15,06:29:15,06:36:15,06:43:15,06:50:15,06:57:15,07:04:15,07:10:15,07:16:15,07:22:15,07:27:15,07:32:15,07:37:15,07:42:15,07:47:15,07:52:15,07:57:15,08:02:15,08:07:15,08:12:15,08:17:15,08:22:15,08:27:15,08:32:15,08:37:15,08:43:15,08:49:15,08:55:15,09:01:15,09:07:15,09:14:15,09:21:15,09:28:15,09:35:15,09:42:15,09:49:15,09:56:15,10:03:15,10:10:15,10:17:15,10:24:15,10:31:15,10:38:15,10:45:15,10:53:15,11:01:15,11:09:15,11:17:15,11:25:15,11:33:15,11:41:15,11:49:15,11:57:15,12:05:15,12:13:15,12:21:15,12:29:15,12:37:15,12:45:15,12:53:15,13:01:15,13:09:15,13:17:15,13:25:15,13:33:15,13:41:15,13:49:15,13:57:15,14:05:15,14:13:15,14:21:15,14:29:15,14:37:15,14:45:15,14:53:15,15:01:15,15:09:15,15:17:15,15:25:15,15:33:15,15:41:15,15:49:15,15:57:15,16:05:15,16:13:15,16:21:15,16:29:15,16:37:15,16:44:15,16:51:15,16:57:15,17:03:15,17:09:15,17:14:15,17:19:15,17:24:15,17:29:15,17:34:15,17:39:15,17:44:15,17:49:15,17:54:15,17:59:15,18:04:15,18:09:15,18:14:15,18:19:15,18:24:15,18:29:15,18:34:15,18:40:15,18:47:15,18:55:15,19:03:15,19:11:15,19:19:15,19:27:15,19:35:15,19:43:15,19:51:15,19:59:15,20:07:15,20:15:15,20:23:15,20:31:15,20:39:15,20:48:15,20:57:15,21:06:15,21:15:15,21:24:15,21:33:15,21:42:15,21:51:15,22:00:15,22:09:15,22:19:15,22:29:15,22:39:15,22:49:15,23:00:15,23:11:15,23:22:15,23:33:15,23:44:15,
평일(하),연호,도착,05:57:40,06:11:20,06:21:20,06:31:20,06:38:20,06:45:20,06:52:20,06:59:20,07:06:20,07:12:20,07:18:20,07:24:20,07:29:20,07:34:20,07:39:20,07:44:20,07:49:20,07:54:20,07:59:20,08:04:20,08:09:20,08:14:20,08:19:20,08:24:20,08:29:20,08:34:20,08:39:20,08:45:20,08:51:20,08:57:20,09:03:20,09:09:20,09:16:20,09:23:20,09:30:20,09:37:20,09:44:20,09:51:20,09:58:20,10:05:20,10:12:20,10:19:20,10:26:20,10:33:20,10:40:20,10:47:20,10:55:20,11:03:20,11:11:20,11:19:20,11:27:20,11:35:20,11:43:20,11:51:20,11:59:20,12:07:20,12:15:20,12:23:20,12:31:20,12:39:20,12:47:20,12:55:20,13:03:20,13:11:20,13:19:20,13:27:20,13:35:20,13:43:20,13:51:20,13:59:20,14:07:20,14:15:20,14:23:20,14:31:20,14:39:20,14:47:20,14:55:20,15:03:20,15:11:20,15:19:20,15:27:20,15:35:20,15:43:20,15:51:20,15:59:20,16:07:20,16:15:20,16:23:20,16:31:20,16:39:20,16:46:20,16:53:20,16:59:20,17:05:20,17:11:20,17:16:20,17:21:20,17:26:20,17:31:20,17:36:20,17:41:20,17:46:20,17:51:20,17:56:20,18:01:20,18:06:20,18:11:20,18:16:20,18:21:20,18:26:20,18:31:20,18:36:20,18:42:20,18:49:20,18:57:20,19:05:20,19:13:20,19:21:20,19:29:20,19:37:20,19:45:20,19:53:20,20:01:20,20:09:20,20:17:20,20:25:20,20:33:20,20:41:20,20:50:20,20:59:20,21:08:20,21:17:20,21:26:20,21:35:20,21:44:20,21:53:20,22:02:20,22:11:20,22:21:20,22:31:20,22:41:20,22:51:20,23:02:20,23:13:20,23:24:20,23:35:20,23:46:20,
평일(하),연호,출발,05:58:05,06:11:45,06:21:45,06:31:45,06:38:45,06:45:45,06:52:45,06:59:45,07:06:45,07:12:45,07:18:45,07:24:45,07:29:45,07:34:45,07:39:45,07:44:45,07:49:45,07:54:45,07:59:45,08:04:45,08:09:45,08:14:45,08:19:45,08:24:45,08:29:45,08:34:45,08:39:45,08:45:45,08:51:45,08:57:45,09:03:45,09:09:45,09:16:45,09:23:45,09:30:45,09:37:45,09:44:45,09:51:45,09:58:45,10:05:45,10:12:45,10:19:45,10:26:45,10:33:45,10:40:45,10:47:45,10:55:45,11:03:45,11:11:45,11:19:45,11:27:45,11:35:45,11:43:45,11:51:45,11:59:45,12:07:45,12:15:45,12:23:45,12:31:45,12:39:45,12:47:45,12:55:45,13:03:45,13:11:45,13:19:45,13:27:45,13:35:45,13:43:45,13:51:45,13:59:45,14:07:45,14:15:45,14:23:45,14:31:45,14:39:45,14:47:45,14:55:45,15:03:45,15:11:45,15:19:45,15:27:45,15:35:45,15:43:45,15:51:45,15:59:45,16:07:45,16:15:45,16:23:45,16:31:45,16:39:45,16:46:45,16:53:45,16:59:45,17:05:45,17:11:45,17:16:45,17:21:45,17:26:45,17:31:45,17:36:45,17:41:45,17:46:45,17:51:45,17:56:45,18:01:45,18:06:45,18:11:45,18:16:45,18:21:45,18:26:45,18:31:45,18:36:45,18:42:45,18:49:45,18:57:45,19:05:45,19:13:45,19:21:45,19:29:45,19:37:45,19:45:45,19:53:45,20:01:45,20:09:45,20:17:45,20:25:45,20:33:45,20:41:45,20:50:45,20:59:45,21:08:45,21:17:45,21:26:45,21:35:45,21:44:45,21:53:45,22:02:45,22:11:45,22:21:45,22:31:45,22:41:45,22:51:45,23:02:45,23:13:45,23:24:45,23:35:45,23:46:45,
평일(하),수성알파시티,도착,05:59:25,06:13:05,06:23:05,06:33:05,06:40:05,06:47:05,06:54:05,07:01:05,07:08:05,07:14:05,07:20:05,07:26:05,07:31:05,07:36:05,07:41:05,07:46:05,07:51:05,07:56:05,08:01:05,08:06:05,08:11:05,08:16:05,08:21:05,08:26:05,08:31:05,08:36:05,08:41:05,08:47:05,08:53:05,08:59:05,09:05:05,09:11:05,09:18:05,09:25:05,09:32:05,09:39:05,09:46:05,09:53:05,10:00:05,10:07:05,10:14:05,10:21:05,10:28:05,10:35:05,10:42:05,10:49:05,10:57:05,11:05:05,11:13:05,11:21:05,11:29:05,11:37:05,11:45:05,11:53:05,12:01:05,12:09:05,12:17:05,12:25:05,12:33:05,12:41:05,12:49:05,12:57:05,13:05:05,13:13:05,13:21:05,13:29:05,13:37:05,13:45:05,13:53:05,14:01:05,14:09:05,14:17:05,14:25:05,14:33:05,14:41:05,14:49:05,14:57:05,15:05:05,15:13:05,15:21:05,15:29:05,15:37:05,15:45:05,15:53:05,16:01:05,16:09:05,16:17:05,16:25:05,16:33:05,16:41:05,16:48:05,16:55:05,17:01:05,17:07:05,17:13:05,17:18:05,17:23:05,17:28:05,17:33:05,17:38:05,17:43:05,17:48:05,17:53:05,17:58:05,18:03:05,18:08:05,18:13:05,18:18:05,18:23:05,18:28:05,18:33:05,18:38:05,18:44:05,18:51:05,18:59:05,19:07:05,19:15:05,19:23:05,19:31:05,19:39:05,19:47:05,19:55:05,20:03:05,20:11:05,20:19:05,20:27:05,20:35:05,20:43:05,20:52:05,21:01:05,21:10:05,21:19:05,21:28:05,21:37:05,21:46:05,21:55:05,22:04:05,22:13:05,22:23:05,22:33:05,22:43:05,22:53:05,23:04:05,23:15:05,23:26:05,23:37:05,23:48:05,
평일(하),수성알파시티,출발,05:59:50,06:13:30,06:23:30,06:33:30,06:40:30,06:47:30,06:54:30,07:01:30,07:08:30,07:14:30,07:20:30,07:26:30,07:31:30,07:36:30,07:41:30,07:46:30,07:51:30,07:56:30,08:01:30,08:06:30,08:11:30,08:16:30,08:21:30,08:26:30,08:31:30,08:36:30,08:41:30,08:47:30,08:53:30,08:59:30,09:05:30,09:11:30,09:18:30,09:25:30,09:32:30,09:39:30,09:46:30,09:53:30,10:00:30,10:07:30,10:14:30,10:21:30,10:28:30,10:35:30,10:42:30,10:49:30,10:57:30,11:05:30,11:13:30,11:21:30,11:29:30,11:37:30,11:45:30,11:53:30,12:01:30,12:09:30,12:17:30,12:25:30,12:33:30,12:41:30,12:49:30,12:57:30,13:05:30,13:13:30,13:21:30,13:29:30,13:37:30,13:45:30,13:53:30,14:01:30,14:09:30,14:17:30,14:25:30,14:33:30,14:41:30,14:49:30,14:57:30,15:05:30,15:13:30,15:21:30,15:29:30,15:37:30,15:45:30,15:53:30,16:01:30,16:09:30,16:17:30,16:25:30,16:33:30,16:41:30,16:48:30,16:55:30,17:01:30,17:07:30,17:13:30,17:18:30,17:23:30,17:28:30,17:33:30,17:38:30,17:43:30,17:48:30,17:53:30,17:58:30,18:03:30,18:08:30,18:13:30,18:18:30,18:23:30,18:28:30,18:33:30,18:38:30,18:44:30,18:51:30,18:59:30,19:07:30,19:15:30,19:23:30,19:31:30,19:39:30,19:47:30,19:55:30,20:03:30,20:11:30,20:19:30,20:27:30,20:35:30,20:43:30,20:52:30,21:01:30,21:10:30,21:19:30,21:28:30,21:37:30,21:46:30,21:55:30,22:04:30,22:13:30,22:23:30,22:33:30,22:43:30,22:53:30,23:04:30,23:15:30,23:26:30,23:37:30,23:48:30,
평일(하),고산,도착,06:01:30,06:15:10,06:25:10,06:35:10,06:42:10,06:49:10,06:56:10,07:03:10,07:10:10,07:16:10,07:22:10,07:28:10,07:33:10,07:38:10,07:43:10,07:48:10,07:53:10,07:58:10,08:03:10,08:08:10,08:13:10,08:18:10,08:23:10,08:28:10,08:33:10,08:38:10,08:43:10,08:49:10,08:55:10,09:01:10,09:07:10,09:13:10,09:20:10,09:27:10,09:34:10,09:41:10,09:48:10,09:55:10,10:02:10,10:09:10,10:16:10,10:23:10,10:30:10,10:37:10,10:44:10,10:51:10,10:59:10,11:07:10,11:15:10,11:23:10,11:31:10,11:39:10,11:47:10,11:55:10,12:03:10,12:11:10,12:19:10,12:27:10,12:35:10,12:43:10,12:51:10,12:59:10,13:07:10,13:15:10,13:23:10,13:31:10,13:39:10,13:47:10,13:55:10,14:03:10,14:11:10,14:19:10,14:27:10,14:35:10,14:43:10,14:51:10,14:59:10,15:07:10,15:15:10,15:23:10,15:31:10,15:39:10,15:47:10,15:55:10,16:03:10,16:11:10,16:19:10,16:27:10,16:35:10,16:43:10,16:50:10,16:57:10,17:03:10,17:09:10,17:15:10,17:20:10,17:25:10,17:30:10,17:35:10,17:40:10,17:45:10,17:50:10,17:55:10,18:00:10,18:05:10,18:10:10,18:15:10,18:20:10,18:25:10,18:30:10,18:35:10,18:40:10,18:46:10,18:53:10,19:01:10,19:09:10,19:17:10,19:25:10,19:33:10,19:41:10,19:49:10,19:57:10,20:05:10,20:13:10,20:21:10,20:29:10,20:37:10,20:45:10,20:54:10,21:03:10,21:12:10,21:21:10,21:30:10,21:39:10,21:48:10,21:57:10,22:06:10,22:15:10,22:25:10,22:35:10,22:45:10,22:55:10,23:06:10,23:17:10,23:28:10,23:39:10,23:50:10,
평일(하),고산,출발,06:01:55,06:15:35,06:25:35,06:35:35,06:42:35,06:49:35,06:56:35,07:03:35,07:10:35,07:16:35,07:22:35,07:28:35,07:33:35,07:38:35,07:43:35,07:48:35,07:53:35,07:58:35,08:03:35,08:08:35,08:13:35,08:18:35,08:23:35,08:28:35,08:33:35,08:38:35,08:43:35,08:49:35,08:55:35,09:01:35,09:07:35,09:13:35,09:20:35,09:27:35,09:34:35,09:41:35,09:48:35,09:55:35,10:02:35,10:09:35,10:16:35,10:23:35,10:30:35,10:37:35,10:44:35,10:51:35,10:59:35,11:07:35,11:15:35,11:23:35,11:31:35,11:39:35,11:47:35,11:55:35,12:03:35,12:11:35,12:19:35,12:27:35,12:35:35,12:43:35,12:51:35,12:59:35,13:07:35,13:15:35,13:23:35,13:31:35,13:39:35,13:47:35,13:55:35,14:03:35,14:11:35,14:19:35,14:27:35,14:35:35,14:43:35,14:51:35,14:59:35,15:07:35,15:15:35,15:23:35,15:31:35,15:39:35,15:47:35,15:55:35,16:03:35,16:11:35,16:19:35,16:27:35,16:35:35,16:43:35,16:50:35,16:57:35,17:03:35,17:09:35,17:15:35,17:20:35,17:25:35,17:30:35,17:35:35,17:40:35,17:45:35,17:50:35,17:55:35,18:00:35,18:05:35,18:10:35,18:15:35,18:20:35,18:25:35,18:30:35,18:35:35,18:40:35,18:46:35,18:53:35,19:01:35,19:09:35,19:17:35,19:25:35,19:33:35,19:41:35,19:49:35,19:57:35,20:05:35,20:13:35,20:21:35,20:29:35,20:37:35,20:45:35,20:54:35,21:03:35,21:12:35,21:21:35,21:30:35,21:39:35,21:48:35,21:57:35,22:06:35,22:15:35,22:25:35,22:35:35,22:45:35,22:55:35,23:06:35,23:17:35,23:28:35,23:39:35,23:50:35,
평일(하),신매,도착,06:03:25,06:17:05,06:27:05,06:37:05,06:44:05,06:51:05,06:58:05,07:05:05,07:12:05,07:18:05,07:24:05,07:30:05,07:35:05,07:40:05,07:45:05,07:50:05,07:55:05,08:00:05,08:05:05,08:10:05,08:15:05,08:20:05,08:25:05,08:30:05,08:35:05,08:40:05,08:45:05,08:51:05,08:57:05,09:03:05,09:09:05,09:15:05,09:22:05,09:29:05,09:36:05,09:43:05,09:50:05,09:57:05,10:04:05,10:11:05,10:18:05,10:25:05,10:32:05,10:39:05,10:46:05,10:53:05,11:01:05,11:09:05,11:17:05,11:25:05,11:33:05,11:41:05,11:49:05,11:57:05,12:05:05,12:13:05,12:21:05,12:29:05,12:37:05,12:45:05,12:53:05,13:01:05,13:09:05,13:17:05,13:25:05,13:33:05,13:41:05,13:49:05,13:57:05,14:05:05,14:13:05,14:21:05,14:29:05,14:37:05,14:45:05,14:53:05,15:01:05,15:09:05,15:17:05,15:25:05,15:33:05,15:41:05,15:49:05,15:57:05,16:05:05,16:13:05,16:21:05,16:29:05,16:37:05,16:45:05,16:52:05,16:59:05,17:05:05,17:11:05,17:17:05,17:22:05,17:27:05,17:32:05,17:37:05,17:42:05,17:47:05,17:52:05,17:57:05,18:02:05,18:07:05,18:12:05,18:17:05,18:22:05,18:27:05,18:32:05,18:37:05,18:42:05,18:48:05,18:55:05,19:03:05,19:11:05,19:19:05,19:27:05,19:35:05,19:43:05,19:51:05,19:59:05,20:07:05,20:15:05,20:23:05,20:31:05,20:39:05,20:47:05,20:56:05,21:05:05,21:14:05,21:23:05,21:32:05,21:41:05,21:50:05,21:59:05,22:08:05,22:17:05,22:27:05,22:37:05,22:47:05,22:57:05,23:08:05,23:19:05,23:30:05,23:41:05,23:52:05,
평일(하),신매,출발,06:03:50,06:17:30,06:27:30,06:37:30,06:44:30,06:51:30,06:58:30,07:05:30,07:12:30,07:18:30,07:24:30,07:30:30,07:35:30,07:40:30,07:45:30,07:50:30,07:55:30,08:00:30,08:05:30,08:10:30,08:15:30,08:20:30,08:25:30,08:30:30,08:35:30,08:40:30,08:45:30,08:51:30,08:57:30,09:03:30,09:09:30,09:15:30,09:22:30,09:29:30,09:36:30,09:43:30,09:50:30,09:57:30,10:04:30,10:11:30,10:18:30,10:25:30,10:32:30,10:39:30,10:46:30,10:53:30,11:01:30,11:09:30,11:17:30,11:25:30,11:33:30,11:41:30,11:49:30,11:57:30,12:05:30,12:13:30,12:21:30,12:29:30,12:37:30,12:45:30,12:53:30,13:01:30,13:09:30,13:17:30,13:25:30,13:33:30,13:41:30,13:49:30,13:57:30,14:05:30,14:13:30,14:21:30,14:29:30,14:37:30,14:45:30,14:53:30,15:01:30,15:09:30,15:17:30,15:25:30,15:33:30,15:41:30,15:49:30,15:57:30,16:05:30,16:13:30,16:21:30,16:29:30,16:37:30,16:45:30,16:52:30,16:59:30,17:05:30,17:11:30,17:17:30,17:22:30,17:27:30,17:32:30,17:37:30,17:42:30,17:47:30,17:52:30,17:57:30,18:02:30,18:07:30,18:12:30,18:17:30,18:22:30,18:27:30,18:32:30,18:37:30,18:42:30,18:48:30,18:55:30,19:03:30,19:11:30,19:19:30,19:27:30,19:35:30,19:43:30,19:51:30,19:59:30,20:07:30,20:15:30,20:23:30,20:31:30,20:39:30,20:47:30,20:56:30,21:05:30,21:14:30,21:23:30,21:32:30,21:41:30,21:50:30,21:59:30,22:08:30,22:17:30,22:27:30,22:37:30,22:47:30,22:57:30,23:08:30,23:19:30,23:30:30,23:41:30,23:52:30,
평일(하),사월,도착,06:05:20,06:19:00,06:29:00,06:39:00,06:46:00,06:53:00,07:00:00,07:07:00,07:14:00,07:20:00,07:26:00,07:32:00,07:37:00,07:42:00,07:47:00,07:52:00,07:57:00,08:02:00,08:07:00,08:12:00,08:17:00,08:22:00,08:27:00,08:32:00,08:37:00,08:42:00,08:47:00,08:53:00,08:59:00,09:05:00,09:11:00,09:17:00,09:24:00,09:31:00,09:38:00,09:45:00,09:52:00,09:59:00,10:06:00,10:13:00,10:20:00,10:27:00,10:34:00,10:41:00,10:48:00,10:55:00,11:03:00,11:11:00,11:19:00,11:27:00,11:35:00,11:43:00,11:51:00,11:59:00,12:07:00,12:15:00,12:23:00,12:31:00,12:39:00,12:47:00,12:55:00,13:03:00,13:11:00,13:19:00,13:27:00,13:35:00,13:43:00,13:51:00,13:59:00,14:07:00,14:15:00,14:23:00,14:31:00,14:39:00,14:47:00,14:55:00,15:03:00,15:11:00,15:19:00,15:27:00,15:35:00,15:43:00,15:51:00,15:59:00,16:07:00,16:15:00,16:23:00,16:31:00,16:39:00,16:47:00,16:54:00,17:01:00,17:07:00,17:13:00,17:19:00,17:24:00,17:29:00,17:34:00,17:39:00,17:44:00,17:49:00,17:54:00,17:59:00,18:04:00,18:09:00,18:14:00,18:19:00,18:24:00,18:29:00,18:34:00,18:39:00,18:44:00,18:50:00,18:57:00,19:05:00,19:13:00,19:21:00,19:29:00,19:37:00,19:45:00,19:53:00,20:01:00,20:09:00,20:17:00,20:25:00,20:33:00,20:41:00,20:49:00,20:58:00,21:07:00,21:16:00,21:25:00,21:34:00,21:43:00,21:52:00,22:01:00,22:10:00,22:19:00,22:29:00,22:39:00,22:49:00,22:59:00,23:10:00,23:21:00,23:32:00,23:43:00,23:54:00,
평일(하),사월,출발,06:05:45,06:19:25,06:29:25,06:39:25,06:46:25,06:53:25,07:00:25,07:07:25,07:14:25,07:20:25,07:26:25,07:32:25,07:37:25,07:42:25,07:47:25,07:52:25,07:57:25,08:02:25,08:07:25,08:12:25,08:17:25,08:22:25,08:27:25,08:32:25,08:37:25,08:42:25,08:47:25,08:53:25,08:59:25,09:05:25,09:11:25,09:17:25,09:24:25,09:31:25,09:38:25,09:45:25,09:52:25,09:59:25,10:06:25,10:13:25,10:20:25,10:27:25,10:34:25,10:41:25,10:48:25,10:55:25,11:03:25,11:11:25,11:19:25,11:27:25,11:35:25,11:43:25,11:51:25,11:59:25,12:07:25,12:15:25,12:23:25,12:31:25,12:39:25,12:47:25,12:55:25,13:03:25,13:11:25,13:19:25,13:27:25,13:35:25,13:43:25,13:51:25,13:59:25,14:07:25,14:15:25,14:23:25,14:31:25,14:39:25,14:47:25,14:55:25,15:03:25,15:11:25,15:19:25,15:27:25,15:35:25,15:43:25,15:51:25,15:59:25,16:07:25,16:15:25,16:23:25,16:31:25,16:39:25,16:47:25,16:54:25,17:01:25,17:07:25,17:13:25,17:19:25,17:24:25,17:29:25,17:34:25,17:39:25,17:44:25,17:49:25,17:54:25,17:59:25,18:04:25,18:09:25,18:14:25,18:19:25,18:24:25,18:29:25,18:34:25,18:39:25,18:44:25,18:50:25,18:57:25,19:05:25,19:13:25,19:21:25,19:29:25,19:37:25,19:45:25,19:53:25,20:01:25,20:09:25,20:17:25,20:25:25,20:33:25,20:41:25,20:49:25,20:58:25,21:07:25,21:16:25,21:25:25,21:34:25,21:43:25,21:52:25,22:01:25,22:10:25,22:19:25,22:29:25,22:39:25,22:49:25,22:59:25,23:10:25,23:21:25,23:32:25,23:43:25,23:54:25,
평일(하),정평,도착,06:07:20,06:21:00,06:31:00,06:41:00,06:48:00,06:55:00,07:02:00,07:09:00,07:16:00,07:22:00,07:28:00,07:34:00,07:39:00,07:44:00,07:49:00,07:54:00,07:59:00,08:04:00,08:09:00,08:14:00,08:19:00,08:24:00,08:29:00,08:34:00,08:39:00,08:44:00,08:49:00,08:55:00,09:01:00,09:07:00,09:13:00,09:19:00,09:26:00,09:33:00,09:40:00,09:47:00,09:54:00,10:01:00,10:08:00,10:15:00,10:22:00,10:29:00,10:36:00,10:43:00,10:50:00,10:57:00,11:05:00,11:13:00,11:21:00,11:29:00,11:37:00,11:45:00,11:53:00,12:01:00,12:09:00,12:17:00,12:25:00,12:33:00,12:41:00,12:49:00,12:57:00,13:05:00,13:13:00,13:21:00,13:29:00,13:37:00,13:45:00,13:53:00,14:01:00,14:09:00,14:17:00,14:25:00,14:33:00,14:41:00,14:49:00,14:57:00,15:05:00,15:13:00,15:21:00,15:29:00,15:37:00,15:45:00,15:53:00,16:01:00,16:09:00,16:17:00,16:25:00,16:33:00,16:41:00,16:49:00,16:56:00,17:03:00,17:09:00,17:15:00,17:21:00,17:26:00,17:31:00,17:36:00,17:41:00,17:46:00,17:51:00,17:56:00,18:01:00,18:06:00,18:11:00,18:16:00,18:21:00,18:26:00,18:31:00,18:36:00,18:41:00,18:46:00,18:52:00,18:59:00,19:07:00,19:15:00,19:23:00,19:31:00,19:39:00,19:47:00,19:55:00,20:03:00,20:11:00,20:19:00,20:27:00,20:35:00,20:43:00,20:51:00,21:00:00,21:09:00,21:18:00,21:27:00,21:36:00,21:45:00,21:54:00,22:03:00,22:12:00,22:21:00,22:31:00,22:41:00,22:51:00,23:01:00,23:12:00,23:23:00,23:34:00,23:45:00,23:56:00,
평일(하),정평,출발,06:07:45,06:21:25,06:31:25,06:41:25,06:48:25,06:55:25,07:02:25,07:09:25,07:16:25,07:22:25,07:28:25,07:34:25,07:39:25,07:44:25,07:49:25,07:54:25,07:59:25,08:04:25,08:09:25,08:14:25,08:19:25,08:24:25,08:29:25,08:34:25,08:39:25,08:44:25,08:49:25,08:55:25,09:01:25,09:07:25,09:13:25,09:19:25,09:26:25,09:33:25,09:40:25,09:47:25,09:54:25,10:01:25,10:08:25,10:15:25,10:22:25,10:29:25,10:36:25,10:43:25,10:50:25,10:57:25,11:05:25,11:13:25,11:21:25,11:29:25,11:37:25,11:45:25,11:53:25,12:01:25,12:09:25,12:17:25,12:25:25,12:33:25,12:41:25,12:49:25,12:57:25,13:05:25,13:13:25,13:21:25,13:29:25,13:37:25,13:45:25,13:53:25,14:01:25,14:09:25,14:17:25,14:25:25,14:33:25,14:41:25,14:49:25,14:57:25,15:05:25,15:13:25,15:21:25,15:29:25,15:37:25,15:45:25,15:53:25,16:01:25,16:09:25,16:17:25,16:25:25,16:33:25,16:41:25,16:49:25,16:56:25,17:03:25,17:09:25,17:15:25,17:21:25,17:26:25,17:31:25,17:36:25,17:41:25,17:46:25,17:51:25,17:56:25,18:01:25,18:06:25,18:11:25,18:16:25,18:21:25,18:26:25,18:31:25,18:36:25,18:41:25,18:46:25,18:52:25,18:59:25,19:07:25,19:15:25,19:23:25,19:31:25,19:39:25,19:47:25,19:55:25,20:03:25,20:11:25,20:19:25,20:27:25,20:35:25,20:43:25,20:51:25,21:00:25,21:09:25,21:18:25,21:27:25,21:36:25,21:45:25,21:54:25,22:03:25,22:12:25,22:21:25,22:31:25,22:41:25,22:51:25,23:01:25,23:12:25,23:23:25,23:34:25,23:45:25,23:56:25,
평일(하),임당,도착,06:09:15,06:22:55,06:32:55,06:42:55,06:49:55,06:56:55,07:03:55,07:10:55,07:17:55,07:23:55,07:29:55,07:35:55,07:40:55,07:45:55,07:50:55,07:55:55,08:00:55,08:05:55,08:10:55,08:15:55,08:20:55,08:25:55,08:30:55,08:35:55,08:40:55,08:45:55,08:50:55,08:56:55,09:02:55,09:08:55,09:14:55,09:20:55,09:27:55,09:34:55,09:41:55,09:48:55,09:55:55,10:02:55,10:09:55,10:16:55,10:23:55,10:30:55,10:37:55,10:44:55,10:51:55,10:58:55,11:06:55,11:14:55,11:22:55,11:30:55,11:38:55,11:46:55,11:54:55,12:02:55,12:10:55,12:18:55,12:26:55,12:34:55,12:42:55,12:50:55,12:58:55,13:06:55,13:14:55,13:22:55,13:30:55,13:38:55,13:46:55,13:54:55,14:02:55,14:10:55,14:18:55,14:26:55,14:34:55,14:42:55,14:50:55,14:58:55,15:06:55,15:14:55,15:22:55,15:30:55,15:38:55,15:46:55,15:54:55,16:02:55,16:10:55,16:18:55,16:26:55,16:34:55,16:42:55,16:50:55,16:57:55,17:04:55,17:10:55,17:16:55,17:22:55,17:27:55,17:32:55,17:37:55,17:42:55,17:47:55,17:52:55,17:57:55,18:02:55,18:07:55,18:12:55,18:17:55,18:22:55,18:27:55,18:32:55,18:37:55,18:42:55,18:47:55,18:53:55,19:00:55,19:08:55,19:16:55,19:24:55,19:32:55,19:40:55,19:48:55,19:56:55,20:04:55,20:12:55,20:20:55,20:28:55,20:36:55,20:44:55,20:52:55,21:01:55,21:10:55,21:19:55,21:28:55,21:37:55,21:46:55,21:55:55,22:04:55,22:13:55,22:22:55,22:32:55,22:42:55,22:52:55,23:02:55,23:13:55,23:24:55,23:35:55,23:46:55,23:57:55,
평일(하),임당,출발,06:09:40,06:23:20,06:33:20,06:43:20,06:50:20,06:57:20,07:04:20,07:11:20,07:18:20,07:24:20,07:30:20,07:36:20,07:41:20,07:46:20,07:51:20,07:56:20,08:01:20,08:06:20,08:11:20,08:16:20,08:21:20,08:26:20,08:31:20,08:36:20,08:41:20,08:46:20,08:51:20,08:57:20,09:03:20,09:09:20,09:15:20,09:21:20,09:28:20,09:35:20,09:42:20,09:49:20,09:56:20,10:03:20,10:10:20,10:17:20,10:24:20,10:31:20,10:38:20,10:45:20,10:52:20,10:59:20,11:07:20,11:15:20,11:23:20,11:31:20,11:39:20,11:47:20,11:55:20,12:03:20,12:11:20,12:19:20,12:27:20,12:35:20,12:43:20,12:51:20,12:59:20,13:07:20,13:15:20,13:23:20,13:31:20,13:39:20,13:47:20,13:55:20,14:03:20,14:11:20,14:19:20,14:27:20,14:35:20,14:43:20,14:51:20,14:59:20,15:07:20,15:15:20,15:23:20,15:31:20,15:39:20,15:47:20,15:55:20,16:03:20,16:11:20,16:19:20,16:27:20,16:35:20,16:43:20,16:51:20,16:58:20,17:05:20,17:11:20,17:17:20,17:23:20,17:28:20,17:33:20,17:38:20,17:43:20,17:48:20,17:53:20,17:58:20,18:03:20,18:08:20,18:13:20,18:18:20,18:23:20,18:28:20,18:33:20,18:38:20,18:43:20,18:48:20,18:54:20,19:01:20,19:09:20,19:17:20,19:25:20,19:33:20,19:41:20,19:49:20,19:57:20,20:05:20,20:13:20,20:21:20,20:29:20,20:37:20,20:45:20,20:53:20,21:02:20,21:11:20,21:20:20,21:29:20,21:38:20,21:47:20,21:56:20,22:05:20,22:14:20,22:23:20,22:33:20,22:43:20,22:53:20,23:03:20,23:14:20,23:25:20,23:36:20,23:47:20,23:58:20,
평일(하),영남대,도착,06:11:20,06:25:00,06:35:00,06:45:00,06:52:00,06:59:00,07:06:00,07:13:00,07:20:00,07:26:00,07:32:00,07:38:00,07:43:00,07:48:00,07:53:00,07:58:00,08:03:00,08:08:00,08:13:00,08:18:00,08:23:00,08:28:00,08:33:00,08:38:00,08:43:00,08:48:00,08:53:00,08:59:00,09:05:00,09:11:00,09:17:00,09:23:00,09:30:00,09:37:00,09:44:00,09:51:00,09:58:00,10:05:00,10:12:00,10:19:00,10:26:00,10:33:00,10:40:00,10:47:00,10:54:00,11:01:00,11:09:00,11:17:00,11:25:00,11:33:00,11:41:00,11:49:00,11:57:00,12:05:00,12:13:00,12:21:00,12:29:00,12:37:00,12:45:00,12:53:00,13:01:00,13:09:00,13:17:00,13:25:00,13:33:00,13:41:00,13:49:00,13:57:00,14:05:00,14:13:00,14:21:00,14:29:00,14:37:00,14:45:00,14:53:00,15:01:00,15:09:00,15:17:00,15:25:00,15:33:00,15:41:00,15:49:00,15:57:00,16:05:00,16:13:00,16:21:00,16:29:00,16:37:00,16:45:00,16:53:00,17:00:00,17:07:00,17:13:00,17:19:00,17:25:00,17:30:00,17:35:00,17:40:00,17:45:00,17:50:00,17:55:00,18:00:00,18:05:00,18:10:00,18:15:00,18:20:00,18:25:00,18:30:00,18:35:00,18:40:00,18:45:00,18:50:00,18:56:00,19:03:00,19:11:00,19:19:00,19:27:00,19:35:00,19:43:00,19:51:00,19:59:00,20:07:00,20:15:00,20:23:00,20:31:00,20:39:00,20:47:00,20:55:00,21:04:00,21:13:00,21:22:00,21:31:00,21:40:00,21:49:00,21:58:00,22:07:00,22:16:00,22:25:00,22:35:00,22:45:00,22:55:00,23:05:00,23:16:00,23:27:00,23:38:00,23:49:00,00:00:00,
토요일(하),문양,출발,,05:30:00,05:40:00,05:50:00,06:00:00,06:10:00,06:20:00,06:29:00,06:38:00,06:47:00,06:56:00,07:05:00,07:13:00,07:21:00,07:29:00,07:37:00,07:45:00,07:53:00,08:01:00,08:09:00,08:17:00,08:25:00,08:33:00,08:41:00,08:49:00,08:57:00,09:05:00,09:13:00,09:21:00,09:29:00,09:37:00,09:45:00,09:53:00,10:01:00,10:09:00,10:17:00,10:25:00,10:33:00,10:41:00,10:49:00,10:57:00,11:05:00,11:13:00,11:21:00,11:29:00,11:37:00,11:45:00,11:53:00,12:01:00,12:09:00,12:17:00,12:24:00,12:31:00,12:37:00,12:43:00,12:49:00,12:55:00,13:01:00,13:07:00,13:13:00,13:19:00,13:25:00,13:31:00,13:37:00,13:43:00,13:49:00,13:55:00,14:01:00,14:07:00,14:13:00,14:19:00,14:25:00,14:33:00,14:41:00,14:49:00,14:57:00,15:05:00,15:13:00,15:21:00,15:29:00,15:37:00,15:45:00,15:53:00,16:01:00,16:09:00,16:17:00,16:25:00,16:33:00,16:41:00,16:49:00,16:57:00,17:04:00,17:10:00,17:16:00,17:22:00,17:28:00,17:34:00,17:40:00,17:46:00,17:52:00,17:58:00,18:04:00,18:10:00,18:16:00,18:22:00,18:28:00,18:34:00,18:40:00,18:46:00,18:52:00,18:58:00,19:04:00,19:10:00,19:18:00,19:26:00,19:34:00,19:42:00,19:50:00,19:58:00,20:06:00,20:14:00,20:22:00,20:30:00,20:38:00,20:47:00,20:56:00,21:05:00,21:14:00,21:23:00,21:32:00,21:41:00,21:50:00,22:00:00,22:10:00,22:21:00,22:32:00,22:43:00,22:54:00,23:05:00,23:19:45,,,,,,,,
토요일(하),다사,도착,,05:33:25,05:43:25,05:53:25,06:03:25,06:13:25,06:23:25,06:32:25,06:41:25,06:50:25,06:59:25,07:08:25,07:16:25,07:24:25,07:32:25,07:40:25,07:48:25,07:56:25,08:04:25,08:12:25,08:20:25,08:28:25,08:36:25,08:44:25,08:52:25,09:00:25,09:08:25,09:16:25,09:24:25,09:32:25,09:40:25,09:48:25,09:56:25,10:04:25,10:12:25,10:20:25,10:28:25,10:36:25,10:44:25,10:52:25,11:00:25,11:08:25,11:16:25,11:24:25,11:32:25,11:40:25,11:48:25,11:56:25,12:04:25,12:12:25,12:20:25,12:27:25,12:34:25,12:40:25,12:46:25,12:52:25,12:58:25,13:04:25,13:10:25,13:16:25,13:22:25,13:28:25,13:34:25,13:40:25,13:46:25,13:52:25,13:58:25,14:04:25,14:10:25,14:16:25,14:22:25,14:28:25,14:36:25,14:44:25,14:52:25,15:00:25,15:08:25,15:16:25,15:24:25,15:32:25,15:40:25,15:48:25,15:56:25,16:04:25,16:12:25,16:20:25,16:28:25,16:36:25,16:44:25,16:52:25,17:00:25,17:07:25,17:13:25,17:19:25,17:25:25,17:31:25,17:37:25,17:43:25,17:49:25,17:55:25,18:01:25,18:07:25,18:13:25,18:19:25,18:25:25,18:31:25,18:37:25,18:43:25,18:49:25,18:55:25,19:01:25,19:07:25,19:13:25,19:21:25,19:29:25,19:37:25,19:45:25,19:53:25,20:01:25,20:09:25,20:17:25,20:25:25,20:33:25,20:41:25,20:50:25,20:59:25,21:08:25,21:17:25,21:26:25,21:35:25,21:44:25,21:53:25,22:03:25,22:13:25,22:24:25,22:35:25,22:46:25,22:57:25,23:08:25,23:23:10,,,,,,,,
토요일(하),다사,출발,,05:33:50,05:43:50,05:53:50,06:03:50,06:13:50,06:23:50,06:32:50,06:41:50,06:50:50,06:59:50,07:08:50,07:16:50,07:24:50,07:32:50,07:40:50,07:48:50,07:56:50,08:04:50,08:12:50,08:20:50,08:28:50,08:36:50,08:44:50,08:52:50,09:00:50,09:08:50,09:16:50,09:24:50,09:32:50,09:40:50,09:48:50,09:56:50,10:04:50,10:12:50,10:20:50,10:28:50,10:36:50,10:44:50,10:52:50,11:00:50,11:08:50,11:16:50,11:24:50,11:32:50,11:40:50,11:48:50,11:56:50,12:04:50,12:12:50,12:20:50,12:27:50,12:34:50,12:40:50,12:46:50,12:52:50,12:58:50,13:04:50,13:10:50,13:16:50,13:22:50,13:28:50,13:34:50,13:40:50,13:46:50,13:52:50,13:58:50,14:04:50,14:10:50,14:16:50,14:22:50,14:28:50,14:36:50,14:44:50,14:52:50,15:00:50,15:08:50,15:16:50,15:24:50,15:32:50,15:40:50,15:48:50,15:56:50,16:04:50,16:12:50,16:20:50,16:28:50,16:36:50,16:44:50,16:52:50,17:00:50,17:07:50,17:13:50,17:19:50,17:25:50,17:31:50,17:37:50,17:43:50,17:49:50,17:55:50,18:01:50,18:07:50,18:13:50,18:19:50,18:25:50,18:31:50,18:37:50,18:43:50,18:49:50,18:55:50,19:01:50,19:07:50,19:13:50,19:21:50,19:29:50,19:37:50,19:45:50,19:53:50,20:01:50,20:09:50,20:17:50,20:25:50,20:33:50,20:41:50,20:50:50,20:59:50,21:08:50,21:17:50,21:26:50,21:35:50,21:44:50,21:53:50,22:03:50,22:13:50,22:24:50,22:35:50,22:46:50,22:57:50,23:08:50,23:23:35,,,,,,,,
토요일(하),대실,도착,,05:35:25,05:45:25,05:55:25,06:05:25,06:15:25,06:25:25,06:34:25,06:43:25,06:52:25,07:01:25,07:10:25,07:18:25,07:26:25,07:34:25,07:42:25,07:50:25,07:58:25,08:06:25,08:14:25,08:22:25,08:30:25,08:38:25,08:46:25,08:54:25,09:02:25,09:10:25,09:18:25,09:26:25,09:34:25,09:42:25,09:50:25,09:58:25,10:06:25,10:14:25,10:22:25,10:30:25,10:38:25,10:46:25,10:54:25,11:02:25,11:10:25,11:18:25,11:26:25,11:34:25,11:42:25,11:50:25,11:58:25,12:06:25,12:14:25,12:22:25,12:29:25,12:36:25,12:42:25,12:48:25,12:54:25,13:00:25,13:06:25,13:12:25,13:18:25,13:24:25,13:30:25,13:36:25,13:42:25,13:48:25,13:54:25,14:00:25,14:06:25,14:12:25,14:18:25,14:24:25,14:30:25,14:38:25,14:46:25,14:54:25,15:02:25,15:10:25,15:18:25,15:26:25,15:34:25,15:42:25,15:50:25,15:58:25,16:06:25,16:14:25,16:22:25,16:30:25,16:38:25,16:46:25,16:54:25,17:02:25,17:09:25,17:15:25,17:21:25,17:27:25,17:33:25,17:39:25,17:45:25,17:51:25,17:57:25,18:03:25,18:09:25,18:15:25,18:21:25,18:27:25,18:33:25,18:39:25,18:45:25,18:51:25,18:57:25,19:03:25,19:09:25,19:15:25,19:23:25,19:31:25,19:39:25,19:47:25,19:55:25,20:03:25,20:11:25,20:19:25,20:27:25,20:35:25,20:43:25,20:52:25,21:01:25,21:10:25,21:19:25,21:28:25,21:37:25,21:46:25,21:55:25,22:05:25,22:15:25,22:26:25,22:37:25,22:48:25,22:59:25,23:10:25,23:25:10,,,,,,,,
토요일(하),대실,출발,,05:35:50,05:45:50,05:55:50,06:05:50,06:15:50,06:25:50,06:34:50,06:43:50,06:52:50,07:01:50,07:10:50,07:18:50,07:26:50,07:34:50,07:42:50,07:50:50,07:58:50,08:06:50,08:14:50,08:22:50,08:30:50,08:38:50,08:46:50,08:54:50,09:02:50,09:10:50,09:18:50,09:26:50,09:34:50,09:42:50,09:50:50,09:58:50,10:06:50,10:14:50,10:22:50,10:30:50,10:38:50,10:46:50,10:54:50,11:02:50,11:10:50,11:18:50,11:26:50,11:34:50,11:42:50,11:50:50,11:58:50,12:06:50,12:14:50,12:22:50,12:29:50,12:36:50,12:42:50,12:48:50,12:54:50,13:00:50,13:06:50,13:12:50,13:18:50,13:24:50,13:30:50,13:36:50,13:42:50,13:48:50,13:54:50,14:00:50,14:06:50,14:12:50,14:18:50,14:24:50,14:30:50,14:38:50,14:46:50,14:54:50,15:02:50,15:10:50,15:18:50,15:26:50,15:34:50,15:42:50,15:50:50,15:58:50,16:06:50,16:14:50,16:22:50,16:30:50,16:38:50,16:46:50,16:54:50,17:02:50,17:09:50,17:15:50,17:21:50,17:27:50,17:33:50,17:39:50,17:45:50,17:51:50,17:57:50,18:03:50,18:09:50,18:15:50,18:21:50,18:27:50,18:33:50,18:39:50,18:45:50,18:51:50,18:57:50,19:03:50,19:09:50,19:15:50,19:23:50,19:31:50,19:39:50,19:47:50,19:55:50,20:03:50,20:11:50,20:19:50,20:27:50,20:35:50,20:43:50,20:52:50,21:01:50,21:10:50,21:19:50,21:28:50,21:37:50,21:46:50,21:55:50,22:05:50,22:15:50,22:26:50,22:37:50,22:48:50,22:59:50,23:10:50,23:25:35,,,,,,,,
토요일(하),강창,도착,,05:37:30,05:47:30,05:57:30,06:07:30,06:17:30,06:27:30,06:36:30,06:45:30,06:54:30,07:03:30,07:12:30,07:20:30,07:28:30,07:36:30,07:44:30,07:52:30,08:00:30,08:08:30,08:16:30,08:24:30,08:32:30,08:40:30,08:48:30,08:56:30,09:04:30,09:12:30,09:20:30,09:28:30,09:36:30,09:44:30,09:52:30,10:00:30,10:08:30,10:16:30,10:24:30,10:32:30,10:40:30,10:48:30,10:56:30,11:04:30,11:12:30,11:20:30,11:28:30,11:36:30,11:44:30,11:52:30,12:00:30,12:08:30,12:16:30,12:24:30,12:31:30,12:38:30,12:44:30,12:50:30,12:56:30,13:02:30,13:08:30,13:14:30,13:20:30,13:26:30,13:32:30,13:38:30,13:44:30,13:50:30,13:56:30,14:02:30,14:08:30,14:14:30,14:20:30,14:26:30,14:32:30,14:40:30,14:48:30,14:56:30,15:04:30,15:12:30,15:20:30,15:28:30,15:36:30,15:44:30,15:52:30,16:00:30,16:08:30,16:16:30,16:24:30,16:32:30,16:40:30,16:48:30,16:56:30,17:04:30,17:11:30,17:17:30,17:23:30,17:29:30,17:35:30,17:41:30,17:47:30,17:53:30,17:59:30,18:05:30,18:11:30,18:17:30,18:23:30,18:29:30,18:35:30,18:41:30,18:47:30,18:53:30,18:59:30,19:05:30,19:11:30,19:17:30,19:25:30,19:33:30,19:41:30,19:49:30,19:57:30,20:05:30,20:13:30,20:21:30,20:29:30,20:37:30,20:45:30,20:54:30,21:03:30,21:12:30,21:21:30,21:30:30,21:39:30,21:48:30,21:57:30,22:07:30,22:17:30,22:28:30,22:39:30,22:50:30,23:01:30,23:12:30,23:27:15,,,,,,,,
토요일(하),강창,출발,,05:37:55,05:47:55,05:57:55,06:07:55,06:17:55,06:27:55,06:36:55,06:45:55,06:54:55,07:03:55,07:12:55,07:20:55,07:28:55,07:36:55,07:44:55,07:52:55,08:00:55,08:08:55,08:16:55,08:24:55,08:32:55,08:40:55,08:48:55,08:56:55,09:04:55,09:12:55,09:20:55,09:28:55,09:36:55,09:44:55,09:52:55,10:00:55,10:08:55,10:16:55,10:24:55,10:32:55,10:40:55,10:48:55,10:56:55,11:04:55,11:12:55,11:20:55,11:28:55,11:36:55,11:44:55,11:52:55,12:00:55,12:08:55,12:16:55,12:24:55,12:31:55,12:38:55,12:44:55,12:50:55,12:56:55,13:02:55,13:08:55,13:14:55,13:20:55,13:26:55,13:32:55,13:38:55,13:44:55,13:50:55,13:56:55,14:02:55,14:08:55,14:14:55,14:20:55,14:26:55,14:32:55,14:40:55,14:48:55,14:56:55,15:04:55,15:12:55,15:20:55,15:28:55,15:36:55,15:44:55,15:52:55,16:00:55,16:08:55,16:16:55,16:24:55,16:32:55,16:40:55,16:48:55,16:56:55,17:04:55,17:11:55,17:17:55,17:23:55,17:29:55,17:35:55,17:41:55,17:47:55,17:53:55,17:59:55,18:05:55,18:11:55,18:17:55,18:23:55,18:29:55,18:35:55,18:41:55,18:47:55,18:53:55,18:59:55,19:05:55,19:11:55,19:17:55,19:25:55,19:33:55,19:41:55,19:49:55,19:57:55,20:05:55,20:13:55,20:21:55,20:29:55,20:37:55,20:45:55,20:54:55,21:03:55,21:12:55,21:21:55,21:30:55,21:39:55,21:48:55,21:57:55,22:07:55,22:17:55,22:28:55,22:39:55,22:50:55,23:01:55,23:12:55,23:27:40,,,,,,,,
토요일(하),계명대,도착,,05:39:30,05:49:30,05:59:30,06:09:30,06:19:30,06:29:30,06:38:30,06:47:30,06:56:30,07:05:30,07:14:30,07:22:30,07:30:30,07:38:30,07:46:30,07:54:30,08:02:30,08:10:30,08:18:30,08:26:30,08:34:30,08:42:30,08:50:30,08:58:30,09:06:30,09:14:30,09:22:30,09:30:30,09:38:30,09:46:30,09:54:30,10:02:30,10:10:30,10:18:30,10:26:30,10:34:30,10:42:30,10:50:30,10:58:30,11:06:30,11:14:30,11:22:30,11:30:30,11:38:30,11:46:30,11:54:30,12:02:30,12:10:30,12:18:30,12:26:30,12:33:30,12:40:30,12:46:30,12:52:30,12:58:30,13:04:30,13:10:30,13:16:30,13:22:30,13:28:30,13:34:30,13:40:30,13:46:30,13:52:30,13:58:30,14:04:30,14:10:30,14:16:30,14:22:30,14:28:30,14:34:30,14:42:30,14:50:30,14:58:30,15:06:30,15:14:30,15:22:30,15:30:30,15:38:30,15:46:30,15:54:30,16:02:30,16:10:30,16:18:30,16:26:30,16:34:30,16:42:30,16:50:30,16:58:30,17:06:30,17:13:30,17:19:30,17:25:30,17:31:30,17:37:30,17:43:30,17:49:30,17:55:30,18:01:30,18:07:30,18:13:30,18:19:30,18:25:30,18:31:30,18:37:30,18:43:30,18:49:30,18:55:30,19:01:30,19:07:30,19:13:30,19:19:30,19:27:30,19:35:30,19:43:30,19:51:30,19:59:30,20:07:30,20:15:30,20:23:30,20:31:30,20:39:30,20:47:30,20:56:30,21:05:30,21:14:30,21:23:30,21:32:30,21:41:30,21:50:30,21:59:30,22:09:30,22:19:30,22:30:30,22:41:30,22:52:30,23:03:30,23:14:30,23:29:15,,,,,,,,
토요일(하),계명대,출발,,05:39:55,05:49:55,05:59:55,06:09:55,06:19:55,06:29:55,06:38:55,06:47:55,06:56:55,07:05:55,07:14:55,07:22:55,07:30:55,07:38:55,07:46:55,07:54:55,08:02:55,08:10:55,08:18:55,08:26:55,08:34:55,08:42:55,08:50:55,08:58:55,09:06:55,09:14:55,09:22:55,09:30:55,09:38:55,09:46:55,09:54:55,10:02:55,10:10:55,10:18:55,10:26:55,10:34:55,10:42:55,10:50:55,10:58:55,11:06:55,11:14:55,11:22:55,11:30:55,11:38:55,11:46:55,11:54:55,12:02:55,12:10:55,12:18:55,12:26:55,12:33:55,12:40:55,12:46:55,12:52:55,12:58:55,13:04:55,13:10:55,13:16:55,13:22:55,13:28:55,13:34:55,13:40:55,13:46:55,13:52:55,13:58:55,14:04:55,14:10:55,14:16:55,14:22:55,14:28:55,14:34:55,14:42:55,14:50:55,14:58:55,15:06:55,15:14:55,15:22:55,15:30:55,15:38:55,15:46:55,15:54:55,16:02:55,16:10:55,16:18:55,16:26:55,16:34:55,16:42:55,16:50:55,16:58:55,17:06:55,17:13:55,17:19:55,17:25:55,17:31:55,17:37:55,17:43:55,17:49:55,17:55:55,18:01:55,18:07:55,18:13:55,18:19:55,18:25:55,18:31:55,18:37:55,18:43:55,18:49:55,18:55:55,19:01:55,19:07:55,19:13:55,19:19:55,19:27:55,19:35:55,19:43:55,19:51:55,19:59:55,20:07:55,20:15:55,20:23:55,20:31:55,20:39:55,20:47:55,20:56:55,21:05:55,21:14:55,21:23:55,21:32:55,21:41:55,21:50:55,21:59:55,22:09:55,22:19:55,22:30:55,22:41:55,22:52:55,23:03:55,23:14:55,23:29:40,,,,,,,,
토요일(하),성서산업단지,도착,,05:41:35,05:51:35,06:01:35,06:11:35,06:21:35,06:31:35,06:40:35,06:49:35,06:58:35,07:07:35,07:16:35,07:24:35,07:32:35,07:40:35,07:48:35,07:56:35,08:04:35,08:12:35,08:20:35,08:28:35,08:36:35,08:44:35,08:52:35,09:00:35,09:08:35,09:16:35,09:24:35,09:32:35,09:40:35,09:48:35,09:56:35,10:04:35,10:12:35,10:20:35,10:28:35,10:36:35,10:44:35,10:52:35,11:00:35,11:08:35,11:16:35,11:24:35,11:32:35,11:40:35,11:48:35,11:56:35,12:04:35,12:12:35,12:20:35,12:28:35,12:35:35,12:42:35,12:48:35,12:54:35,13:00:35,13:06:35,13:12:35,13:18:35,13:24:35,13:30:35,13:36:35,13:42:35,13:48:35,13:54:35,14:00:35,14:06:35,14:12:35,14:18:35,14:24:35,14:30:35,14:36:35,14:44:35,14:52:35,15:00:35,15:08:35,15:16:35,15:24:35,15:32:35,15:40:35,15:48:35,15:56:35,16:04:35,16:12:35,16:20:35,16:28:35,16:36:35,16:44:35,16:52:35,17:00:35,17:08:35,17:15:35,17:21:35,17:27:35,17:33:35,17:39:35,17:45:35,17:51:35,17:57:35,18:03:35,18:09:35,18:15:35,18:21:35,18:27:35,18:33:35,18:39:35,18:45:35,18:51:35,18:57:35,19:03:35,19:09:35,19:15:35,19:21:35,19:29:35,19:37:35,19:45:35,19:53:35,20:01:35,20:09:35,20:17:35,20:25:35,20:33:35,20:41:35,20:49:35,20:58:35,21:07:35,21:16:35,21:25:35,21:34:35,21:43:35,21:52:35,22:01:35,22:11:35,22:21:35,22:32:35,22:43:35,22:54:35,23:05:35,23:16:35,23:31:20,,,,,,,,
토요일(하),성서산업단지,출발,,05:42:00,05:52:00,06:02:00,06:12:00,06:22:00,06:32:00,06:41:00,06:50:00,06:59:00,07:08:00,07:17:00,07:25:00,07:33:00,07:41:00,07:49:00,07:57:00,08:05:00,08:13:00,08:21:00,08:29:00,08:37:00,08:45:00,08:53:00,09:01:00,09:09:00,09:17:00,09:25:00,09:33:00,09:41:00,09:49:00,09:57:00,10:05:00,10:13:00,10:21:00,10:29:00,10:37:00,10:45:00,10:53:00,11:01:00,11:09:00,11:17:00,11:25:00,11:33:00,11:41:00,11:49:00,11:57:00,12:05:00,12:13:00,12:21:00,12:29:00,12:36:00,12:43:00,12:49:00,12:55:00,13:01:00,13:07:00,13:13:00,13:19:00,13:25:00,13:31:00,13:37:00,13:43:00,13:49:00,13:55:00,14:01:00,14:07:00,14:13:00,14:19:00,14:25:00,14:31:00,14:37:00,14:45:00,14:53:00,15:01:00,15:09:00,15:17:00,15:25:00,15:33:00,15:41:00,15:49:00,15:57:00,16:05:00,16:13:00,16:21:00,16:29:00,16:37:00,16:45:00,16:53:00,17:01:00,17:09:00,17:16:00,17:22:00,17:28:00,17:34:00,17:40:00,17:46:00,17:52:00,17:58:00,18:04:00,18:10:00,18:16:00,18:22:00,18:28:00,18:34:00,18:40:00,18:46:00,18:52:00,18:58:00,19:04:00,19:10:00,19:16:00,19:22:00,19:30:00,19:38:00,19:46:00,19:54:00,20:02:00,20:10:00,20:18:00,20:26:00,20:34:00,20:42:00,20:50:00,20:59:00,21:08:00,21:17:00,21:26:00,21:35:00,21:44:00,21:53:00,22:02:00,22:12:00,22:22:00,22:33:00,22:44:00,22:55:00,23:06:00,23:17:00,23:31:45,,,,,,,,
토요일(하),이곡,도착,,05:43:15,05:53:15,06:03:15,06:13:15,06:23:15,06:33:15,06:42:15,06:51:15,07:00:15,07:09:15,07:18:15,07:26:15,07:34:15,07:42:15,07:50:15,07:58:15,08:06:15,08:14:15,08:22:15,08:30:15,08:38:15,08:46:15,08:54:15,09:02:15,09:10:15,09:18:15,09:26:15,09:34:15,09:42:15,09:50:15,09:58:15,10:06:15,10:14:15,10:22:15,10:30:15,10:38:15,10:46:15,10:54:15,11:02:15,11:10:15,11:18:15,11:26:15,11:34:15,11:42:15,11:50:15,11:58:15,12:06:15,12:14:15,12:22:15,12:30:15,12:37:15,12:44:15,12:50:15,12:56:15,13:02:15,13:08:15,13:14:15,13:20:15,13:26:15,13:32:15,13:38:15,13:44:15,13:50:15,13:56:15,14:02:15,14:08:15,14:14:15,14:20:15,14:26:15,14:32:15,14:38:15,14:46:15,14:54:15,15:02:15,15:10:15,15:18:15,15:26:15,15:34:15,15:42:15,15:50:15,15:58:15,16:06:15,16:14:15,16:22:15,16:30:15,16:38:15,16:46:15,16:54:15,17:02:15,17:10:15,17:17:15,17:23:15,17:29:15,17:35:15,17:41:15,17:47:15,17:53:15,17:59:15,18:05:15,18:11:15,18:17:15,18:23:15,18:29:15,18:35:15,18:41:15,18:47:15,18:53:15,18:59:15,19:05:15,19:11:15,19:17:15,19:23:15,19:31:15,19:39:15,19:47:15,19:55:15,20:03:15,20:11:15,20:19:15,20:27:15,20:35:15,20:43:15,20:51:15,21:00:15,21:09:15,21:18:15,21:27:15,21:36:15,21:45:15,21:54:15,22:03:15,22:13:15,22:23:15,22:34:15,22:45:15,22:56:15,23:07:15,23:18:15,23:33:00,,,,,,,,
토요일(하),이곡,출발,05:30:00,05:43:40,05:53:40,06:03:40,06:13:40,06:23:40,06:33:40,06:42:40,06:51:40,07:00:40,07:09:40,07:18:40,07:26:40,07:34:40,07:42:40,07:50:40,07:58:40,08:06:40,08:14:40,08:22:40,08:30:40,08:38:40,08:46:40,08:54:40,09:02:40,09:10:40,09:18:40,09:26:40,09:34:40,09:42:40,09:50:40,09:58:40,10:06:40,10:14:40,10:22:40,10:30:40,10:38:40,10:46:40,10:54:40,11:02:40,11:10:40,11:18:40,11:26:40,11:34:40,11:42:40,11:50:40,11:58:40,12:06:40,12:14:40,12:22:40,12:30:40,12:37:40,12:44:40,12:50:40,12:56:40,13:02:40,13:08:40,13:14:40,13:20:40,13:26:40,13:32:40,13:38:40,13:44:40,13:50:40,13:56:40,14:02:40,14:08:40,14:14:40,14:20:40,14:26:40,14:32:40,14:38:40,14:46:40,14:54:40,15:02:40,15:10:40,15:18:40,15:26:40,15:34:40,15:42:40,15:50:40,15:58:40,16:06:40,16:14:40,16:22:40,16:30:40,16:38:40,16:46:40,16:54:40,17:02:40,17:10:40,17:17:40,17:23:40,17:29:40,17:35:40,17:41:40,17:47:40,17:53:40,17:59:40,18:05:40,18:11:40,18:17:40,18:23:40,18:29:40,18:35:40,18:41:40,18:47:40,18:53:40,18:59:40,19:05:40,19:11:40,19:17:40,19:23:40,19:31:40,19:39:40,19:47:40,19:55:40,20:03:40,20:11:40,20:19:40,20:27:40,20:35:40,20:43:40,20:51:40,21:00:40,21:09:40,21:18:40,21:27:40,21:36:40,21:45:40,21:54:40,22:03:40,22:13:40,22:23:40,22:34:40,22:45:40,22:56:40,23:07:40,23:18:40,23:33:25,,,,,,,,
토요일(하),용산,도착,05:31:50,05:45:30,05:55:30,06:05:30,06:15:30,06:25:30,06:35:30,06:44:30,06:53:30,07:02:30,07:11:30,07:20:30,07:28:30,07:36:30,07:44:30,07:52:30,08:00:30,08:08:30,08:16:30,08:24:30,08:32:30,08:40:30,08:48:30,08:56:30,09:04:30,09:12:30,09:20:30,09:28:30,09:36:30,09:44:30,09:52:30,10:00:30,10:08:30,10:16:30,10:24:30,10:32:30,10:40:30,10:48:30,10:56:30,11:04:30,11:12:30,11:20:30,11:28:30,11:36:30,11:44:30,11:52:30,12:00:30,12:08:30,12:16:30,12:24:30,12:32:30,12:39:30,12:46:30,12:52:30,12:58:30,13:04:30,13:10:30,13:16:30,13:22:30,13:28:30,13:34:30,13:40:30,13:46:30,13:52:30,13:58:30,14:04:30,14:10:30,14:16:30,14:22:30,14:28:30,14:34:30,14:40:30,14:48:30,14:56:30,15:04:30,15:12:30,15:20:30,15:28:30,15:36:30,15:44:30,15:52:30,16:00:30,16:08:30,16:16:30,16:24:30,16:32:30,16:40:30,16:48:30,16:56:30,17:04:30,17:12:30,17:19:30,17:25:30,17:31:30,17:37:30,17:43:30,17:49:30,17:55:30,18:01:30,18:07:30,18:13:30,18:19:30,18:25:30,18:31:30,18:37:30,18:43:30,18:49:30,18:55:30,19:01:30,19:07:30,19:13:30,19:19:30,19:25:30,19:33:30,19:41:30,19:49:30,19:57:30,20:05:30,20:13:30,20:21:30,20:29:30,20:37:30,20:45:30,20:53:30,21:02:30,21:11:30,21:20:30,21:29:30,21:38:30,21:47:30,21:56:30,22:05:30,22:15:30,22:25:30,22:36:30,22:47:30,22:58:30,23:09:30,23:20:30,23:35:15,,,,,,,,
토요일(하),용산,출발,05:32:15,05:45:55,05:55:55,06:05:55,06:15:55,06:25:55,06:35:55,06:44:55,06:53:55,07:02:55,07:11:55,07:20:55,07:28:55,07:36:55,07:44:55,07:52:55,08:00:55,08:08:55,08:16:55,08:24:55,08:32:55,08:40:55,08:48:55,08:56:55,09:04:55,09:12:55,09:20:55,09:28:55,09:36:55,09:44:55,09:52:55,10:00:55,10:08:55,10:16:55,10:24:55,10:32:55,10:40:55,10:48:55,10:56:55,11:04:55,11:12:55,11:20:55,11:28:55,11:36:55,11:44:55,11:52:55,12:00:55,12:08:55,12:16:55,12:24:55,12:32:55,12:39:55,12:46:55,12:52:55,12:58:55,13:04:55,13:10:55,13:16:55,13:22:55,13:28:55,13:34:55,13:40:55,13:46:55,13:52:55,13:58:55,14:04:55,14:10:55,14:16:55,14:22:55,14:28:55,14:34:55,14:40:55,14:48:55,14:56:55,15:04:55,15:12:55,15:20:55,15:28:55,15:36:55,15:44:55,15:52:55,16:00:55,16:08:55,16:16:55,16:24:55,16:32:55,16:40:55,16:48:55,16:56:55,17:04:55,17:12:55,17:19:55,17:25:55,17:31:55,17:37:55,17:43:55,17:49:55,17:55:55,18:01:55,18:07:55,18:13:55,18:19:55,18:25:55,18:31:55,18:37:55,18:43:55,18:49:55,18:55:55,19:01:55,19:07:55,19:13:55,19:19:55,19:25:55,19:33:55,19:41:55,19:49:55,19:57:55,20:05:55,20:13:55,20:21:55,20:29:55,20:37:55,20:45:55,20:53:55,21:02:55,21:11:55,21:20:55,21:29:55,21:38:55,21:47:55,21:56:55,22:05:55,22:15:55,22:25:55,22:36:55,22:47:55,22:58:55,23:09:55,23:20:55,23:35:40,,,,,,,,
토요일(하),죽전,도착,05:33:35,05:47:15,05:57:15,06:07:15,06:17:15,06:27:15,06:37:15,06:46:15,06:55:15,07:04:15,07:13:15,07:22:15,07:30:15,07:38:15,07:46:15,07:54:15,08:02:15,08:10:15,08:18:15,08:26:15,08:34:15,08:42:15,08:50:15,08:58:15,09:06:15,09:14:15,09:22:15,09:30:15,09:38:15,09:46:15,09:54:15,10:02:15,10:10:15,10:18:15,10:26:15,10:34:15,10:42:15,10:50:15,10:58:15,11:06:15,11:14:15,11:22:15,11:30:15,11:38:15,11:46:15,11:54:15,12:02:15,12:10:15,12:18:15,12:26:15,12:34:15,12:41:15,12:48:15,12:54:15,13:00:15,13:06:15,13:12:15,13:18:15,13:24:15,13:30:15,13:36:15,13:42:15,13:48:15,13:54:15,14:00:15,14:06:15,14:12:15,14:18:15,14:24:15,14:30:15,14:36:15,14:42:15,14:50:15,14:58:15,15:06:15,15:14:15,15:22:15,15:30:15,15:38:15,15:46:15,15:54:15,16:02:15,16:10:15,16:18:15,16:26:15,16:34:15,16:42:15,16:50:15,16:58:15,17:06:15,17:14:15,17:21:15,17:27:15,17:33:15,17:39:15,17:45:15,17:51:15,17:57:15,18:03:15,18:09:15,18:15:15,18:21:15,18:27:15,18:33:15,18:39:15,18:45:15,18:51:15,18:57:15,19:03:15,19:09:15,19:15:15,19:21:15,19:27:15,19:35:15,19:43:15,19:51:15,19:59:15,20:07:15,20:15:15,20:23:15,20:31:15,20:39:15,20:47:15,20:55:15,21:04:15,21:13:15,21:22:15,21:31:15,21:40:15,21:49:15,21:58:15,22:07:15,22:17:15,22:27:15,22:38:15,22:49:15,23:00:15,23:11:15,23:22:15,23:37:00,,,,,,,,
토요일(하),죽전,출발,05:34:00,05:47:40,05:57:40,06:07:40,06:17:40,06:27:40,06:37:40,06:46:40,06:55:40,07:04:40,07:13:40,07:22:40,07:30:40,07:38:40,07:46:40,07:54:40,08:02:40,08:10:40,08:18:40,08:26:40,08:34:40,08:42:40,08:50:40,08:58:40,09:06:40,09:14:40,09:22:40,09:30:40,09:38:40,09:46:40,09:54:40,10:02:40,10:10:40,10:18:40,10:26:40,10:34:40,10:42:40,10:50:40,10:58:40,11:06:40,11:14:40,11:22:40,11:30:40,11:38:40,11:46:40,11:54:40,12:02:40,12:10:40,12:18:40,12:26:40,12:34:40,12:41:40,12:48:40,12:54:40,13:00:40,13:06:40,13:12:40,13:18:40,13:24:40,13:30:40,13:36:40,13:42:40,13:48:40,13:54:40,14:00:40,14:06:40,14:12:40,14:18:40,14:24:40,14:30:40,14:36:40,14:42:40,14:50:40,14:58:40,15:06:40,15:14:40,15:22:40,15:30:40,15:38:40,15:46:40,15:54:40,16:02:40,16:10:40,16:18:40,16:26:40,16:34:40,16:42:40,16:50:40,16:58:40,17:06:40,17:14:40,17:21:40,17:27:40,17:33:40,17:39:40,17:45:40,17:51:40,17:57:40,18:03:40,18:09:40,18:15:40,18:21:40,18:27:40,18:33:40,18:39:40,18:45:40,18:51:40,18:57:40,19:03:40,19:09:40,19:15:40,19:21:40,19:27:40,19:35:40,19:43:40,19:51:40,19:59:40,20:07:40,20:15:40,20:23:40,20:31:40,20:39:40,20:47:40,20:55:40,21:04:40,21:13:40,21:22:40,21:31:40,21:40:40,21:49:40,21:58:40,22:07:40,22:17:40,22:27:40,22:38:40,22:49:40,23:00:40,23:11:40,23:22:40,23:37:25,,,,,,,,
토요일(하),감삼,도착,05:35:20,05:49:00,05:59:00,06:09:00,06:19:00,06:29:00,06:39:00,06:48:00,06:57:00,07:06:00,07:15:00,07:24:00,07:32:00,07:40:00,07:48:00,07:56:00,08:04:00,08:12:00,08:20:00,08:28:00,08:36:00,08:44:00,08:52:00,09:00:00,09:08:00,09:16:00,09:24:00,09:32:00,09:40:00,09:48:00,09:56:00,10:04:00,10:12:00,10:20:00,10:28:00,10:36:00,10:44:00,10:52:00,11:00:00,11:08:00,11:16:00,11:24:00,11:32:00,11:40:00,11:48:00,11:56:00,12:04:00,12:12:00,12:20:00,12:28:00,12:36:00,12:43:00,12:50:00,12:56:00,13:02:00,13:08:00,13:14:00,13:20:00,13:26:00,13:32:00,13:38:00,13:44:00,13:50:00,13:56:00,14:02:00,14:08:00,14:14:00,14:20:00,14:26:00,14:32:00,14:38:00,14:44:00,14:52:00,15:00:00,15:08:00,15:16:00,15:24:00,15:32:00,15:40:00,15:48:00,15:56:00,16:04:00,16:12:00,16:20:00,16:28:00,16:36:00,16:44:00,16:52:00,17:00:00,17:08:00,17:16:00,17:23:00,17:29:00,17:35:00,17:41:00,17:47:00,17:53:00,17:59:00,18:05:00,18:11:00,18:17:00,18:23:00,18:29:00,18:35:00,18:41:00,18:47:00,18:53:00,18:59:00,19:05:00,19:11:00,19:17:00,19:23:00,19:29:00,19:37:00,19:45:00,19:53:00,20:01:00,20:09:00,20:17:00,20:25:00,20:33:00,20:41:00,20:49:00,20:57:00,21:06:00,21:15:00,21:24:00,21:33:00,21:42:00,21:51:00,22:00:00,22:09:00,22:19:00,22:29:00,22:40:00,22:51:00,23:02:00,23:13:00,23:24:00,23:38:45,,,,,,,,
토요일(하),감삼,출발,05:35:45,05:49:25,05:59:25,06:09:25,06:19:25,06:29:25,06:39:25,06:48:25,06:57:25,07:06:25,07:15:25,07:24:25,07:32:25,07:40:25,07:48:25,07:56:25,08:04:25,08:12:25,08:20:25,08:28:25,08:36:25,08:44:25,08:52:25,09:00:25,09:08:25,09:16:25,09:24:25,09:32:25,09:40:25,09:48:25,09:56:25,10:04:25,10:12:25,10:20:25,10:28:25,10:36:25,10:44:25,10:52:25,11:00:25,11:08:25,11:16:25,11:24:25,11:32:25,11:40:25,11:48:25,11:56:25,12:04:25,12:12:25,12:20:25,12:28:25,12:36:25,12:43:25,12:50:25,12:56:25,13:02:25,13:08:25,13:14:25,13:20:25,13:26:25,13:32:25,13:38:25,13:44:25,13:50:25,13:56:25,14:02:25,14:08:25,14:14:25,14:20:25,14:26:25,14:32:25,14:38:25,14:44:25,14:52:25,15:00:25,15:08:25,15:16:25,15:24:25,15:32:25,15:40:25,15:48:25,15:56:25,16:04:25,16:12:25,16:20:25,16:28:25,16:36:25,16:44:25,16:52:25,17:00:25,17:08:25,17:16:25,17:23:25,17:29:25,17:35:25,17:41:25,17:47:25,17:53:25,17:59:25,18:05:25,18:11:25,18:17:25,18:23:25,18:29:25,18:35:25,18:41:25,18:47:25,18:53:25,18:59:25,19:05:25,19:11:25,19:17:25,19:23:25,19:29:25,19:37:25,19:45:25,19:53:25,20:01:25,20:09:25,20:17:25,20:25:25,20:33:25,20:41:25,20:49:25,20:57:25,21:06:25,21:15:25,21:24:25,21:33:25,21:42:25,21:51:25,22:00:25,22:09:25,22:19:25,22:29:25,22:40:25,22:51:25,23:02:25,23:13:25,23:24:25,23:39:10,,,,,,,,
토요일(하),두류,도착,05:37:05,05:50:45,06:00:45,06:10:45,06:20:45,06:30:45,06:40:45,06:49:45,06:58:45,07:07:45,07:16:45,07:25:45,07:33:45,07:41:45,07:49:45,07:57:45,08:05:45,08:13:45,08:21:45,08:29:45,08:37:45,08:45:45,08:53:45,09:01:45,09:09:45,09:17:45,09:25:45,09:33:45,09:41:45,09:49:45,09:57:45,10:05:45,10:13:45,10:21:45,10:29:45,10:37:45,10:45:45,10:53:45,11:01:45,11:09:45,11:17:45,11:25:45,11:33:45,11:41:45,11:49:45,11:57:45,12:05:45,12:13:45,12:21:45,12:29:45,12:37:45,12:44:45,12:51:45,12:57:45,13:03:45,13:09:45,13:15:45,13:21:45,13:27:45,13:33:45,13:39:45,13:45:45,13:51:45,13:57:45,14:03:45,14:09:45,14:15:45,14:21:45,14:27:45,14:33:45,14:39:45,14:45:45,14:53:45,15:01:45,15:09:45,15:17:45,15:25:45,15:33:45,15:41:45,15:49:45,15:57:45,16:05:45,16:13:45,16:21:45,16:29:45,16:37:45,16:45:45,16:53:45,17:01:45,17:09:45,17:17:45,17:24:45,17:30:45,17:36:45,17:42:45,17:48:45,17:54:45,18:00:45,18:06:45,18:12:45,18:18:45,18:24:45,18:30:45,18:36:45,18:42:45,18:48:45,18:54:45,19:00:45,19:06:45,19:12:45,19:18:45,19:24:45,19:30:45,19:38:45,19:46:45,19:54:45,20:02:45,20:10:45,20:18:45,20:26:45,20:34:45,20:42:45,20:50:45,20:58:45,21:07:45,21:16:45,21:25:45,21:34:45,21:43:45,21:52:45,22:01:45,22:10:45,22:20:45,22:30:45,22:41:45,22:52:45,23:03:45,23:14:45,23:25:45,23:40:30,,,,,,,,
토요일(하),두류,출발,05:37:30,05:51:10,06:01:10,06:11:10,06:21:10,06:31:10,06:41:10,06:50:10,06:59:10,07:08:10,07:17:10,07:26:10,07:34:10,07:42:10,07:50:10,07:58:10,08:06:10,08:14:10,08:22:10,08:30:10,08:38:10,08:46:10,08:54:10,09:02:10,09:10:10,09:18:10,09:26:10,09:34:10,09:42:10,09:50:10,09:58:10,10:06:10,10:14:10,10:22:10,10:30:10,10:38:10,10:46:10,10:54:10,11:02:10,11:10:10,11:18:10,11:26:10,11:34:10,11:42:10,11:50:10,11:58:10,12:06:10,12:14:10,12:22:10,12:30:10,12:38:10,12:45:10,12:52:10,12:58:10,13:04:10,13:10:10,13:16:10,13:22:10,13:28:10,13:34:10,13:40:10,13:46:10,13:52:10,13:58:10,14:04:10,14:10:10,14:16:10,14:22:10,14:28:10,14:34:10,14:40:10,14:46:10,14:54:10,15:02:10,15:10:10,15:18:10,15:26:10,15:34:10,15:42:10,15:50:10,15:58:10,16:06:10,16:14:10,16:22:10,16:30:10,16:38:10,16:46:10,16:54:10,17:02:10,17:10:10,17:18:10,17:25:10,17:31:10,17:37:10,17:43:10,17:49:10,17:55:10,18:01:10,18:07:10,18:13:10,18:19:10,18:25:10,18:31:10,18:37:10,18:43:10,18:49:10,18:55:10,19:01:10,19:07:10,19:13:10,19:19:10,19:25:10,19:31:10,19:39:10,19:47:10,19:55:10,20:03:10,20:11:10,20:19:10,20:27:10,20:35:10,20:43:10,20:51:10,20:59:10,21:08:10,21:17:10,21:26:10,21:35:10,21:44:10,21:53:10,22:02:10,22:11:10,22:21:10,22:31:10,22:42:10,22:53:10,23:04:10,23:15:10,23:26:10,23:40:55,,,,,,,,
토요일(하),내당,도착,05:38:45,05:52:25,06:02:25,06:12:25,06:22:25,06:32:25,06:42:25,06:51:25,07:00:25,07:09:25,07:18:25,07:27:25,07:35:25,07:43:25,07:51:25,07:59:25,08:07:25,08:15:25,08:23:25,08:31:25,08:39:25,08:47:25,08:55:25,09:03:25,09:11:25,09:19:25,09:27:25,09:35:25,09:43:25,09:51:25,09:59:25,10:07:25,10:15:25,10:23:25,10:31:25,10:39:25,10:47:25,10:55:25,11:03:25,11:11:25,11:19:25,11:27:25,11:35:25,11:43:25,11:51:25,11:59:25,12:07:25,12:15:25,12:23:25,12:31:25,12:39:25,12:46:25,12:53:25,12:59:25,13:05:25,13:11:25,13:17:25,13:23:25,13:29:25,13:35:25,13:41:25,13:47:25,13:53:25,13:59:25,14:05:25,14:11:25,14:17:25,14:23:25,14:29:25,14:35:25,14:41:25,14:47:25,14:55:25,15:03:25,15:11:25,15:19:25,15:27:25,15:35:25,15:43:25,15:51:25,15:59:25,16:07:25,16:15:25,16:23:25,16:31:25,16:39:25,16:47:25,16:55:25,17:03:25,17:11:25,17:19:25,17:26:25,17:32:25,17:38:25,17:44:25,17:50:25,17:56:25,18:02:25,18:08:25,18:14:25,18:20:25,18:26:25,18:32:25,18:38:25,18:44:25,18:50:25,18:56:25,19:02:25,19:08:25,19:14:25,19:20:25,19:26:25,19:32:25,19:40:25,19:48:25,19:56:25,20:04:25,20:12:25,20:20:25,20:28:25,20:36:25,20:44:25,20:52:25,21:00:25,21:09:25,21:18:25,21:27:25,21:36:25,21:45:25,21:54:25,22:03:25,22:12:25,22:22:25,22:32:25,22:43:25,22:54:25,23:05:25,23:16:25,23:27:25,23:42:10,,,,,,,,
토요일(하),내당,출발,05:39:10,05:52:50,06:02:50,06:12:50,06:22:50,06:32:50,06:42:50,06:51:50,07:00:50,07:09:50,07:18:50,07:27:50,07:35:50,07:43:50,07:51:50,07:59:50,08:07:50,08:15:50,08:23:50,08:31:50,08:39:50,08:47:50,08:55:50,09:03:50,09:11:50,09:19:50,09:27:50,09:35:50,09:43:50,09:51:50,09:59:50,10:07:50,10:15:50,10:23:50,10:31:50,10:39:50,10:47:50,10:55:50,11:03:50,11:11:50,11:19:50,11:27:50,11:35:50,11:43:50,11:51:50,11:59:50,12:07:50,12:15:50,12:23:50,12:31:50,12:39:50,12:46:50,12:53:50,12:59:50,13:05:50,13:11:50,13:17:50,13:23:50,13:29:50,13:35:50,13:41:50,13:47:50,13:53:50,13:59:50,14:05:50,14:11:50,14:17:50,14:23:50,14:29:50,14:35:50,14:41:50,14:47:50,14:55:50,15:03:50,15:11:50,15:19:50,15:27:50,15:35:50,15:43:50,15:51:50,15:59:50,16:07:50,16:15:50,16:23:50,16:31:50,16:39:50,16:47:50,16:55:50,17:03:50,17:11:50,17:19:50,17:26:50,17:32:50,17:38:50,17:44:50,17:50:50,17:56:50,18:02:50,18:08:50,18:14:50,18:20:50,18:26:50,18:32:50,18:38:50,18:44:50,18:50:50,18:56:50,19:02:50,19:08:50,19:14:50,19:20:50,19:26:50,19:32:50,19:40:50,19:48:50,19:56:50,20:04:50,20:12:50,20:20:50,20:28:50,20:36:50,20:44:50,20:52:50,21:00:50,21:09:50,21:18:50,21:27:50,21:36:50,21:45:50,21:54:50,22:03:50,22:12:50,22:22:50,22:32:50,22:43:50,22:54:50,23:05:50,23:16:50,23:27:50,23:42:35,,,,,,,,
토요일(하),반고개,도착,05:40:25,05:54:05,06:04:05,06:14:05,06:24:05,06:34:05,06:44:05,06:53:05,07:02:05,07:11:05,07:20:05,07:29:05,07:37:05,07:45:05,07:53:05,08:01:05,08:09:05,08:17:05,08:25:05,08:33:05,08:41:05,08:49:05,08:57:05,09:05:05,09:13:05,09:21:05,09:29:05,09:37:05,09:45:05,09:53:05,10:01:05,10:09:05,10:17:05,10:25:05,10:33:05,10:41:05,10:49:05,10:57:05,11:05:05,11:13:05,11:21:05,11:29:05,11:37:05,11:45:05,11:53:05,12:01:05,12:09:05,12:17:05,12:25:05,12:33:05,12:41:05,12:48:05,12:55:05,13:01:05,13:07:05,13:13:05,13:19:05,13:25:05,13:31:05,13:37:05,13:43:05,13:49:05,13:55:05,14:01:05,14:07:05,14:13:05,14:19:05,14:25:05,14:31:05,14:37:05,14:43:05,14:49:05,14:57:05,15:05:05,15:13:05,15:21:05,15:29:05,15:37:05,15:45:05,15:53:05,16:01:05,16:09:05,16:17:05,16:25:05,16:33:05,16:41:05,16:49:05,16:57:05,17:05:05,17:13:05,17:21:05,17:28:05,17:34:05,17:40:05,17:46:05,17:52:05,17:58:05,18:04:05,18:10:05,18:16:05,18:22:05,18:28:05,18:34:05,18:40:05,18:46:05,18:52:05,18:58:05,19:04:05,19:10:05,19:16:05,19:22:05,19:28:05,19:34:05,19:42:05,19:50:05,19:58:05,20:06:05,20:14:05,20:22:05,20:30:05,20:38:05,20:46:05,20:54:05,21:02:05,21:11:05,21:20:05,21:29:05,21:38:05,21:47:05,21:56:05,22:05:05,22:14:05,22:24:05,22:34:05,22:45:05,22:56:05,23:07:05,23:18:05,23:29:05,23:43:50,,,,,,,,
토요일(하),반고개,출발,05:40:50,05:54:30,06:04:30,06:14:30,06:24:30,06:34:30,06:44:30,06:53:30,07:02:30,07:11:30,07:20:30,07:29:30,07:37:30,07:45:30,07:53:30,08:01:30,08:09:30,08:17:30,08:25:30,08:33:30,08:41:30,08:49:30,08:57:30,09:05:30,09:13:30,09:21:30,09:29:30,09:37:30,09:45:30,09:53:30,10:01:30,10:09:30,10:17:30,10:25:30,10:33:30,10:41:30,10:49:30,10:57:30,11:05:30,11:13:30,11:21:30,11:29:30,11:37:30,11:45:30,11:53:30,12:01:30,12:09:30,12:17:30,12:25:30,12:33:30,12:41:30,12:48:30,12:55:30,13:01:30,13:07:30,13:13:30,13:19:30,13:25:30,13:31:30,13:37:30,13:43:30,13:49:30,13:55:30,14:01:30,14:07:30,14:13:30,14:19:30,14:25:30,14:31:30,14:37:30,14:43:30,14:49:30,14:57:30,15:05:30,15:13:30,15:21:30,15:29:30,15:37:30,15:45:30,15:53:30,16:01:30,16:09:30,16:17:30,16:25:30,16:33:30,16:41:30,16:49:30,16:57:30,17:05:30,17:13:30,17:21:30,17:28:30,17:34:30,17:40:30,17:46:30,17:52:30,17:58:30,18:04:30,18:10:30,18:16:30,18:22:30,18:28:30,18:34:30,18:40:30,18:46:30,18:52:30,18:58:30,19:04:30,19:10:30,19:16:30,19:22:30,19:28:30,19:34:30,19:42:30,19:50:30,19:58:30,20:06:30,20:14:30,20:22:30,20:30:30,20:38:30,20:46:30,20:54:30,21:02:30,21:11:30,21:20:30,21:29:30,21:38:30,21:47:30,21:56:30,22:05:30,22:14:30,22:24:30,22:34:30,22:45:30,22:56:30,23:07:30,23:18:30,23:29:30,23:44:15,,,,,,,,
토요일(하),청라언덕2,도착,05:42:10,05:55:50,06:05:50,06:15:50,06:25:50,06:35:50,06:45:50,06:54:50,07:03:50,07:12:50,07:21:50,07:30:50,07:38:50,07:46:50,07:54:50,08:02:50,08:10:50,08:18:50,08:26:50,08:34:50,08:42:50,08:50:50,08:58:50,09:06:50,09:14:50,09:22:50,09:30:50,09:38:50,09:46:50,09:54:50,10:02:50,10:10:50,10:18:50,10:26:50,10:34:50,10:42:50,10:50:50,10:58:50,11:06:50,11:14:50,11:22:50,11:30:50,11:38:50,11:46:50,11:54:50,12:02:50,12:10:50,12:18:50,12:26:50,12:34:50,12:42:50,12:49:50,12:56:50,13:02:50,13:08:50,13:14:50,13:20:50,13:26:50,13:32:50,13:38:50,13:44:50,13:50:50,13:56:50,14:02:50,14:08:50,14:14:50,14:20:50,14:26:50,14:32:50,14:38:50,14:44:50,14:50:50,14:58:50,15:06:50,15:14:50,15:22:50,15:30:50,15:38:50,15:46:50,15:54:50,16:02:50,16:10:50,16:18:50,16:26:50,16:34:50,16:42:50,16:50:50,16:58:50,17:06:50,17:14:50,17:22:50,17:29:50,17:35:50,17:41:50,17:47:50,17:53:50,17:59:50,18:05:50,18:11:50,18:17:50,18:23:50,18:29:50,18:35:50,18:41:50,18:47:50,18:53:50,18:59:50,19:05:50,19:11:50,19:17:50,19:23:50,19:29:50,19:35:50,19:43:50,19:51:50,19:59:50,20:07:50,20:15:50,20:23:50,20:31:50,20:39:50,20:47:50,20:55:50,21:03:50,21:12:50,21:21:50,21:30:50,21:39:50,21:48:50,21:57:50,22:06:50,22:15:50,22:25:50,22:35:50,22:46:50,22:57:50,23:08:50,23:19:50,23:30:50,23:45:35,,,,,,,,
토요일(하),청라언덕2,출발,05:42:35,05:56:15,06:06:15,06:16:15,06:26:15,06:36:15,06:46:15,06:55:15,07:04:15,07:13:15,07:22:15,07:31:15,07:39:15,07:47:15,07:55:15,08:03:15,08:11:15,08:19:15,08:27:15,08:35:15,08:43:15,08:51:15,08:59:15,09:07:15,09:15:15,09:23:15,09:31:15,09:39:15,09:47:15,09:55:15,10:03:15,10:11:15,10:19:15,10:27:15,10:35:15,10:43:15,10:51:15,10:59:15,11:07:15,11:15:15,11:23:15,11:31:15,11:39:15,11:47:15,11:55:15,12:03:15,12:11:15,12:19:15,12:27:15,12:35:15,12:43:15,12:50:15,12:57:15,13:03:15,13:09:15,13:15:15,13:21:15,13:27:15,13:33:15,13:39:15,13:45:15,13:51:15,13:57:15,14:03:15,14:09:15,14:15:15,14:21:15,14:27:15,14:33:15,14:39:15,14:45:15,14:51:15,14:59:15,15:07:15,15:15:15,15:23:15,15:31:15,15:39:15,15:47:15,15:55:15,16:03:15,16:11:15,16:19:15,16:27:15,16:35:15,16:43:15,16:51:15,16:59:15,17:07:15,17:15:15,17:23:15,17:30:15,17:36:15,17:42:15,17:48:15,17:54:15,18:00:15,18:06:15,18:12:15,18:18:15,18:24:15,18:30:15,18:36:15,18:42:15,18:48:15,18:54:15,19:00:15,19:06:15,19:12:15,19:18:15,19:24:15,19:30:15,19:36:15,19:44:15,19:52:15,20:00:15,20:08:15,20:16:15,20:24:15,20:32:15,20:40:15,20:48:15,20:56:15,21:04:15,21:13:15,21:22:15,21:31:15,21:40:15,21:49:15,21:58:15,22:07:15,22:16:15,22:26:15,22:36:15,22:47:15,22:58:15,23:09:15,23:20:15,23:31:15,23:46:00,,,,,,,,
토요일(하),반월당2,도착,05:44:05,05:57:45,06:07:45,06:17:45,06:27:45,06:37:45,06:47:45,06:56:45,07:05:45,07:14:45,07:23:45,07:32:45,07:40:45,07:48:45,07:56:45,08:04:45,08:12:45,08:20:45,08:28:45,08:36:45,08:44:45,08:52:45,09:00:45,09:08:45,09:16:45,09:24:45,09:32:45,09:40:45,09:48:45,09:56:45,10:04:45,10:12:45,10:20:45,10:28:45,10:36:45,10:44:45,10:52:45,11:00:45,11:08:45,11:16:45,11:24:45,11:32:45,11:40:45,11:48:45,11:56:45,12:04:45,12:12:45,12:20:45,12:28:45,12:36:45,12:44:45,12:51:45,12:58:45,13:04:45,13:10:45,13:16:45,13:22:45,13:28:45,13:34:45,13:40:45,13:46:45,13:52:45,13:58:45,14:04:45,14:10:45,14:16:45,14:22:45,14:28:45,14:34:45,14:40:45,14:46:45,14:52:45,15:00:45,15:08:45,15:16:45,15:24:45,15:32:45,15:40:45,15:48:45,15:56:45,16:04:45,16:12:45,16:20:45,16:28:45,16:36:45,16:44:45,16:52:45,17:00:45,17:08:45,17:16:45,17:24:45,17:31:45,17:37:45,17:43:45,17:49:45,17:55:45,18:01:45,18:07:45,18:13:45,18:19:45,18:25:45,18:31:45,18:37:45,18:43:45,18:49:45,18:55:45,19:01:45,19:07:45,19:13:45,19:19:45,19:25:45,19:31:45,19:37:45,19:45:45,19:53:45,20:01:45,20:09:45,20:17:45,20:25:45,20:33:45,20:41:45,20:49:45,20:57:45,21:05:45,21:14:45,21:23:45,21:32:45,21:41:45,21:50:45,21:59:45,22:08:45,22:17:45,22:27:45,22:37:45,22:48:45,22:59:45,23:10:45,23:21:45,23:32:45,23:47:30,,,,,,,,
토요일(하),반월당2,출발,05:44:30,05:58:10,06:08:10,06:18:10,06:28:10,06:38:10,06:48:10,06:57:10,07:06:10,07:15:10,07:24:10,07:33:10,07:41:10,07:49:10,07:57:10,08:05:10,08:13:10,08:21:10,08:29:10,08:37:10,08:45:10,08:53:10,09:01:10,09:09:10,09:17:10,09:25:10,09:33:10,09:41:10,09:49:10,09:57:10,10:05:10,10:13:10,10:21:10,10:29:10,10:37:10,10:45:10,10:53:10,11:01:10,11:09:10,11:17:10,11:25:10,11:33:10,11:41:10,11:49:10,11:57:10,12:05:10,12:13:10,12:21:10,12:29:10,12:37:10,12:45:10,12:52:10,12:59:10,13:05:10,13:11:10,13:17:10,13:23:10,13:29:10,13:35:10,13:41:10,13:47:10,13:53:10,13:59:10,14:05:10,14:11:10,14:17:10,14:23:10,14:29:10,14:35:10,14:41:10,14:47:10,14:53:10,15:01:10,15:09:10,15:17:10,15:25:10,15:33:10,15:41:10,15:49:10,15:57:10,16:05:10,16:13:10,16:21:10,16:29:10,16:37:10,16:45:10,16:53:10,17:01:10,17:09:10,17:17:10,17:25:10,17:32:10,17:38:10,17:44:10,17:50:10,17:56:10,18:02:10,18:08:10,18:14:10,18:20:10,18:26:10,18:32:10,18:38:10,18:44:10,18:50:10,18:56:10,19:02:10,19:08:10,19:14:10,19:20:10,19:26:10,19:32:10,19:38:10,19:46:10,19:54:10,20:02:10,20:10:10,20:18:10,20:26:10,20:34:10,20:42:10,20:50:10,20:58:10,21:06:10,21:15:10,21:24:10,21:33:10,21:42:10,21:51:10,22:00:10,22:09:10,22:18:10,22:28:10,22:38:10,22:49:10,23:00:10,23:11:10,23:22:10,23:33:10,23:47:55,,,,,,,,
토요일(하),경대병원,도착,05:45:55,05:59:35,06:09:35,06:19:35,06:29:35,06:39:35,06:49:35,06:58:35,07:07:35,07:16:35,07:25:35,07:34:35,07:42:35,07:50:35,07:58:35,08:06:35,08:14:35,08:22:35,08:30:35,08:38:35,08:46:35,08:54:35,09:02:35,09:10:35,09:18:35,09:26:35,09:34:35,09:42:35,09:50:35,09:58:35,10:06:35,10:14:35,10:22:35,10:30:35,10:38:35,10:46:35,10:54:35,11:02:35,11:10:35,11:18:35,11:26:35,11:34:35,11:42:35,11:50:35,11:58:35,12:06:35,12:14:35,12:22:35,12:30:35,12:38:35,12:46:35,12:53:35,13:00:35,13:06:35,13:12:35,13:18:35,13:24:35,13:30:35,13:36:35,13:42:35,13:48:35,13:54:35,14:00:35,14:06:35,14:12:35,14:18:35,14:24:35,14:30:35,14:36:35,14:42:35,14:48:35,14:54:35,15:02:35,15:10:35,15:18:35,15:26:35,15:34:35,15:42:35,15:50:35,15:58:35,16:06:35,16:14:35,16:22:35,16:30:35,16:38:35,16:46:35,16:54:35,17:02:35,17:10:35,17:18:35,17:26:35,17:33:35,17:39:35,17:45:35,17:51:35,17:57:35,18:03:35,18:09:35,18:15:35,18:21:35,18:27:35,18:33:35,18:39:35,18:45:35,18:51:35,18:57:35,19:03:35,19:09:35,19:15:35,19:21:35,19:27:35,19:33:35,19:39:35,19:47:35,19:55:35,20:03:35,20:11:35,20:19:35,20:27:35,20:35:35,20:43:35,20:51:35,20:59:35,21:07:35,21:16:35,21:25:35,21:34:35,21:43:35,21:52:35,22:01:35,22:10:35,22:19:35,22:29:35,22:39:35,22:50:35,23:01:35,23:12:35,23:23:35,23:34:35,23:49:20,,,,,,,,
토요일(하),경대병원,출발,05:46:20,06:00:00,06:10:00,06:20:00,06:30:00,06:40:00,06:50:00,06:59:00,07:08:00,07:17:00,07:26:00,07:35:00,07:43:00,07:51:00,07:59:00,08:07:00,08:15:00,08:23:00,08:31:00,08:39:00,08:47:00,08:55:00,09:03:00,09:11:00,09:19:00,09:27:00,09:35:00,09:43:00,09:51:00,09:59:00,10:07:00,10:15:00,10:23:00,10:31:00,10:39:00,10:47:00,10:55:00,11:03:00,11:11:00,11:19:00,11:27:00,11:35:00,11:43:00,11:51:00,11:59:00,12:07:00,12:15:00,12:23:00,12:31:00,12:39:00,12:47:00,12:54:00,13:01:00,13:07:00,13:13:00,13:19:00,13:25:00,13:31:00,13:37:00,13:43:00,13:49:00,13:55:00,14:01:00,14:07:00,14:13:00,14:19:00,14:25:00,14:31:00,14:37:00,14:43:00,14:49:00,14:55:00,15:03:00,15:11:00,15:19:00,15:27:00,15:35:00,15:43:00,15:51:00,15:59:00,16:07:00,16:15:00,16:23:00,16:31:00,16:39:00,16:47:00,16:55:00,17:03:00,17:11:00,17:19:00,17:27:00,17:34:00,17:40:00,17:46:00,17:52:00,17:58:00,18:04:00,18:10:00,18:16:00,18:22:00,18:28:00,18:34:00,18:40:00,18:46:00,18:52:00,18:58:00,19:04:00,19:10:00,19:16:00,19:22:00,19:28:00,19:34:00,19:40:00,19:48:00,19:56:00,20:04:00,20:12:00,20:20:00,20:28:00,20:36:00,20:44:00,20:52:00,21:00:00,21:08:00,21:17:00,21:26:00,21:35:00,21:44:00,21:53:00,22:02:00,22:11:00,22:20:00,22:30:00,22:40:00,22:51:00,23:02:00,23:13:00,23:24:00,23:35:00,23:49:45,,,,,,,,
토요일(하),대구은행,도착,05:48:00,06:01:40,06:11:40,06:21:40,06:31:40,06:41:40,06:51:40,07:00:40,07:09:40,07:18:40,07:27:40,07:36:40,07:44:40,07:52:40,08:00:40,08:08:40,08:16:40,08:24:40,08:32:40,08:40:40,08:48:40,08:56:40,09:04:40,09:12:40,09:20:40,09:28:40,09:36:40,09:44:40,09:52:40,10:00:40,10:08:40,10:16:40,10:24:40,10:32:40,10:40:40,10:48:40,10:56:40,11:04:40,11:12:40,11:20:40,11:28:40,11:36:40,11:44:40,11:52:40,12:00:40,12:08:40,12:16:40,12:24:40,12:32:40,12:40:40,12:48:40,12:55:40,13:02:40,13:08:40,13:14:40,13:20:40,13:26:40,13:32:40,13:38:40,13:44:40,13:50:40,13:56:40,14:02:40,14:08:40,14:14:40,14:20:40,14:26:40,14:32:40,14:38:40,14:44:40,14:50:40,14:56:40,15:04:40,15:12:40,15:20:40,15:28:40,15:36:40,15:44:40,15:52:40,16:00:40,16:08:40,16:16:40,16:24:40,16:32:40,16:40:40,16:48:40,16:56:40,17:04:40,17:12:40,17:20:40,17:28:40,17:35:40,17:41:40,17:47:40,17:53:40,17:59:40,18:05:40,18:11:40,18:17:40,18:23:40,18:29:40,18:35:40,18:41:40,18:47:40,18:53:40,18:59:40,19:05:40,19:11:40,19:17:40,19:23:40,19:29:40,19:35:40,19:41:40,19:49:40,19:57:40,20:05:40,20:13:40,20:21:40,20:29:40,20:37:40,20:45:40,20:53:40,21:01:40,21:09:40,21:18:40,21:27:40,21:36:40,21:45:40,21:54:40,22:03:40,22:12:40,22:21:40,22:31:40,22:41:40,22:52:40,23:03:40,23:14:40,23:25:40,23:36:40,23:51:25,,,,,,,,
토요일(하),대구은행,출발,05:48:25,06:02:05,06:12:05,06:22:05,06:32:05,06:42:05,06:52:05,07:01:05,07:10:05,07:19:05,07:28:05,07:37:05,07:45:05,07:53:05,08:01:05,08:09:05,08:17:05,08:25:05,08:33:05,08:41:05,08:49:05,08:57:05,09:05:05,09:13:05,09:21:05,09:29:05,09:37:05,09:45:05,09:53:05,10:01:05,10:09:05,10:17:05,10:25:05,10:33:05,10:41:05,10:49:05,10:57:05,11:05:05,11:13:05,11:21:05,11:29:05,11:37:05,11:45:05,11:53:05,12:01:05,12:09:05,12:17:05,12:25:05,12:33:05,12:41:05,12:49:05,12:56:05,13:03:05,13:09:05,13:15:05,13:21:05,13:27:05,13:33:05,13:39:05,13:45:05,13:51:05,13:57:05,14:03:05,14:09:05,14:15:05,14:21:05,14:27:05,14:33:05,14:39:05,14:45:05,14:51:05,14:57:05,15:05:05,15:13:05,15:21:05,15:29:05,15:37:05,15:45:05,15:53:05,16:01:05,16:09:05,16:17:05,16:25:05,16:33:05,16:41:05,16:49:05,16:57:05,17:05:05,17:13:05,17:21:05,17:29:05,17:36:05,17:42:05,17:48:05,17:54:05,18:00:05,18:06:05,18:12:05,18:18:05,18:24:05,18:30:05,18:36:05,18:42:05,18:48:05,18:54:05,19:00:05,19:06:05,19:12:05,19:18:05,19:24:05,19:30:05,19:36:05,19:42:05,19:50:05,19:58:05,20:06:05,20:14:05,20:22:05,20:30:05,20:38:05,20:46:05,20:54:05,21:02:05,21:10:05,21:19:05,21:28:05,21:37:05,21:46:05,21:55:05,22:04:05,22:13:05,22:22:05,22:32:05,22:42:05,22:53:05,23:04:05,23:15:05,23:26:05,23:37:05,23:51:50,,,,,,,,
토요일(하),범어,도착,05:49:50,06:03:30,06:13:30,06:23:30,06:33:30,06:43:30,06:53:30,07:02:30,07:11:30,07:20:30,07:29:30,07:38:30,07:46:30,07:54:30,08:02:30,08:10:30,08:18:30,08:26:30,08:34:30,08:42:30,08:50:30,08:58:30,09:06:30,09:14:30,09:22:30,09:30:30,09:38:30,09:46:30,09:54:30,10:02:30,10:10:30,10:18:30,10:26:30,10:34:30,10:42:30,10:50:30,10:58:30,11:06:30,11:14:30,11:22:30,11:30:30,11:38:30,11:46:30,11:54:30,12:02:30,12:10:30,12:18:30,12:26:30,12:34:30,12:42:30,12:50:30,12:57:30,13:04:30,13:10:30,13:16:30,13:22:30,13:28:30,13:34:30,13:40:30,13:46:30,13:52:30,13:58:30,14:04:30,14:10:30,14:16:30,14:22:30,14:28:30,14:34:30,14:40:30,14:46:30,14:52:30,14:58:30,15:06:30,15:14:30,15:22:30,15:30:30,15:38:30,15:46:30,15:54:30,16:02:30,16:10:30,16:18:30,16:26:30,16:34:30,16:42:30,16:50:30,16:58:30,17:06:30,17:14:30,17:22:30,17:30:30,17:37:30,17:43:30,17:49:30,17:55:30,18:01:30,18:07:30,18:13:30,18:19:30,18:25:30,18:31:30,18:37:30,18:43:30,18:49:30,18:55:30,19:01:30,19:07:30,19:13:30,19:19:30,19:25:30,19:31:30,19:37:30,19:43:30,19:51:30,19:59:30,20:07:30,20:15:30,20:23:30,20:31:30,20:39:30,20:47:30,20:55:30,21:03:30,21:11:30,21:20:30,21:29:30,21:38:30,21:47:30,21:56:30,22:05:30,22:14:30,22:23:30,22:33:30,22:43:30,22:54:30,23:05:30,23:16:30,23:27:30,23:38:30,23:53:15,,,,,,,,
토요일(하),범어,출발,05:50:15,06:03:55,06:13:55,06:23:55,06:33:55,06:43:55,06:53:55,07:02:55,07:11:55,07:20:55,07:29:55,07:38:55,07:46:55,07:54:55,08:02:55,08:10:55,08:18:55,08:26:55,08:34:55,08:42:55,08:50:55,08:58:55,09:06:55,09:14:55,09:22:55,09:30:55,09:38:55,09:46:55,09:54:55,10:02:55,10:10:55,10:18:55,10:26:55,10:34:55,10:42:55,10:50:55,10:58:55,11:06:55,11:14:55,11:22:55,11:30:55,11:38:55,11:46:55,11:54:55,12:02:55,12:10:55,12:18:55,12:26:55,12:34:55,12:42:55,12:50:55,12:57:55,13:04:55,13:10:55,13:16:55,13:22:55,13:28:55,13:34:55,13:40:55,13:46:55,13:52:55,13:58:55,14:04:55,14:10:55,14:16:55,14:22:55,14:28:55,14:34:55,14:40:55,14:46:55,14:52:55,14:58:55,15:06:55,15:14:55,15:22:55,15:30:55,15:38:55,15:46:55,15:54:55,16:02:55,16:10:55,16:18:55,16:26:55,16:34:55,16:42:55,16:50:55,16:58:55,17:06:55,17:14:55,17:22:55,17:30:55,17:37:55,17:43:55,17:49:55,17:55:55,18:01:55,18:07:55,18:13:55,18:19:55,18:25:55,18:31:55,18:37:55,18:43:55,18:49:55,18:55:55,19:01:55,19:07:55,19:13:55,19:19:55,19:25:55,19:31:55,19:37:55,19:43:55,19:51:55,19:59:55,20:07:55,20:15:55,20:23:55,20:31:55,20:39:55,20:47:55,20:55:55,21:03:55,21:11:55,21:20:55,21:29:55,21:38:55,21:47:55,21:56:55,22:05:55,22:14:55,22:23:55,22:33:55,22:43:55,22:54:55,23:05:55,23:16:55,23:27:55,23:38:55,23:53:40,,,,,,,,
토요일(하),수성구청,도착,05:51:35,06:05:15,06:15:15,06:25:15,06:35:15,06:45:15,06:55:15,07:04:15,07:13:15,07:22:15,07:31:15,07:40:15,07:48:15,07:56:15,08:04:15,08:12:15,08:20:15,08:28:15,08:36:15,08:44:15,08:52:15,09:00:15,09:08:15,09:16:15,09:24:15,09:32:15,09:40:15,09:48:15,09:56:15,10:04:15,10:12:15,10:20:15,10:28:15,10:36:15,10:44:15,10:52:15,11:00:15,11:08:15,11:16:15,11:24:15,11:32:15,11:40:15,11:48:15,11:56:15,12:04:15,12:12:15,12:20:15,12:28:15,12:36:15,12:44:15,12:52:15,12:59:15,13:06:15,13:12:15,13:18:15,13:24:15,13:30:15,13:36:15,13:42:15,13:48:15,13:54:15,14:00:15,14:06:15,14:12:15,14:18:15,14:24:15,14:30:15,14:36:15,14:42:15,14:48:15,14:54:15,15:00:15,15:08:15,15:16:15,15:24:15,15:32:15,15:40:15,15:48:15,15:56:15,16:04:15,16:12:15,16:20:15,16:28:15,16:36:15,16:44:15,16:52:15,17:00:15,17:08:15,17:16:15,17:24:15,17:32:15,17:39:15,17:45:15,17:51:15,17:57:15,18:03:15,18:09:15,18:15:15,18:21:15,18:27:15,18:33:15,18:39:15,18:45:15,18:51:15,18:57:15,19:03:15,19:09:15,19:15:15,19:21:15,19:27:15,19:33:15,19:39:15,19:45:15,19:53:15,20:01:15,20:09:15,20:17:15,20:25:15,20:33:15,20:41:15,20:49:15,20:57:15,21:05:15,21:13:15,21:22:15,21:31:15,21:40:15,21:49:15,21:58:15,22:07:15,22:16:15,22:25:15,22:35:15,22:45:15,22:56:15,23:07:15,23:18:15,23:29:15,23:40:15,23:55:00,,,,,,,,
토요일(하),수성구청,출발,05:52:00,06:05:40,06:15:40,06:25:40,06:35:40,06:45:40,06:55:40,07:04:40,07:13:40,07:22:40,07:31:40,07:40:40,07:48:40,07:56:40,08:04:40,08:12:40,08:20:40,08:28:40,08:36:40,08:44:40,08:52:40,09:00:40,09:08:40,09:16:40,09:24:40,09:32:40,09:40:40,09:48:40,09:56:40,10:04:40,10:12:40,10:20:40,10:28:40,10:36:40,10:44:40,10:52:40,11:00:40,11:08:40,11:16:40,11:24:40,11:32:40,11:40:40,11:48:40,11:56:40,12:04:40,12:12:40,12:20:40,12:28:40,12:36:40,12:44:40,12:52:40,12:59:40,13:06:40,13:12:40,13:18:40,13:24:40,13:30:40,13:36:40,13:42:40,13:48:40,13:54:40,14:00:40,14:06:40,14:12:40,14:18:40,14:24:40,14:30:40,14:36:40,14:42:40,14:48:40,14:54:40,15:00:40,15:08:40,15:16:40,15:24:40,15:32:40,15:40:40,15:48:40,15:56:40,16:04:40,16:12:40,16:20:40,16:28:40,16:36:40,16:44:40,16:52:40,17:00:40,17:08:40,17:16:40,17:24:40,17:32:40,17:39:40,17:45:40,17:51:40,17:57:40,18:03:40,18:09:40,18:15:40,18:21:40,18:27:40,18:33:40,18:39:40,18:45:40,18:51:40,18:57:40,19:03:40,19:09:40,19:15:40,19:21:40,19:27:40,19:33:40,19:39:40,19:45:40,19:53:40,20:01:40,20:09:40,20:17:40,20:25:40,20:33:40,20:41:40,20:49:40,20:57:40,21:05:40,21:13:40,21:22:40,21:31:40,21:40:40,21:49:40,21:58:40,22:07:40,22:16:40,22:25:40,22:35:40,22:45:40,22:56:40,23:07:40,23:18:40,23:29:40,23:40:40,,,,,,,,,
토요일(하),만촌,도착,05:53:20,06:07:00,06:17:00,06:27:00,06:37:00,06:47:00,06:57:00,07:06:00,07:15:00,07:24:00,07:33:00,07:42:00,07:50:00,07:58:00,08:06:00,08:14:00,08:22:00,08:30:00,08:38:00,08:46:00,08:54:00,09:02:00,09:10:00,09:18:00,09:26:00,09:34:00,09:42:00,09:50:00,09:58:00,10:06:00,10:14:00,10:22:00,10:30:00,10:38:00,10:46:00,10:54:00,11:02:00,11:10:00,11:18:00,11:26:00,11:34:00,11:42:00,11:50:00,11:58:00,12:06:00,12:14:00,12:22:00,12:30:00,12:38:00,12:46:00,12:54:00,13:01:00,13:08:00,13:14:00,13:20:00,13:26:00,13:32:00,13:38:00,13:44:00,13:50:00,13:56:00,14:02:00,14:08:00,14:14:00,14:20:00,14:26:00,14:32:00,14:38:00,14:44:00,14:50:00,14:56:00,15:02:00,15:10:00,15:18:00,15:26:00,15:34:00,15:42:00,15:50:00,15:58:00,16:06:00,16:14:00,16:22:00,16:30:00,16:38:00,16:46:00,16:54:00,17:02:00,17:10:00,17:18:00,17:26:00,17:34:00,17:41:00,17:47:00,17:53:00,17:59:00,18:05:00,18:11:00,18:17:00,18:23:00,18:29:00,18:35:00,18:41:00,18:47:00,18:53:00,18:59:00,19:05:00,19:11:00,19:17:00,19:23:00,19:29:00,19:35:00,19:41:00,19:47:00,19:55:00,20:03:00,20:11:00,20:19:00,20:27:00,20:35:00,20:43:00,20:51:00,20:59:00,21:07:00,21:15:00,21:24:00,21:33:00,21:42:00,21:51:00,22:00:00,22:09:00,22:18:00,22:27:00,22:37:00,22:47:00,22:58:00,23:09:00,23:20:00,23:31:00,23:42:00,,,,,,,,,
토요일(하),만촌,출발,05:53:45,06:07:25,06:17:25,06:27:25,06:37:25,06:47:25,06:57:25,07:06:25,07:15:25,07:24:25,07:33:25,07:42:25,07:50:25,07:58:25,08:06:25,08:14:25,08:22:25,08:30:25,08:38:25,08:46:25,08:54:25,09:02:25,09:10:25,09:18:25,09:26:25,09:34:25,09:42:25,09:50:25,09:58:25,10:06:25,10:14:25,10:22:25,10:30:25,10:38:25,10:46:25,10:54:25,11:02:25,11:10:25,11:18:25,11:26:25,11:34:25,11:42:25,11:50:25,11:58:25,12:06:25,12:14:25,12:22:25,12:30:25,12:38:25,12:46:25,12:54:25,13:01:25,13:08:25,13:14:25,13:20:25,13:26:25,13:32:25,13:38:25,13:44:25,13:50:25,13:56:25,14:02:25,14:08:25,14:14:25,14:20:25,14:26:25,14:32:25,14:38:25,14:44:25,14:50:25,14:56:25,15:02:25,15:10:25,15:18:25,15:26:25,15:34:25,15:42:25,15:50:25,15:58:25,16:06:25,16:14:25,16:22:25,16:30:25,16:38:25,16:46:25,16:54:25,17:02:25,17:10:25,17:18:25,17:26:25,17:34:25,17:41:25,17:47:25,17:53:25,17:59:25,18:05:25,18:11:25,18:17:25,18:23:25,18:29:25,18:35:25,18:41:25,18:47:25,18:53:25,18:59:25,19:05:25,19:11:25,19:17:25,19:23:25,19:29:25,19:35:25,19:41:25,19:47:25,19:55:25,20:03:25,20:11:25,20:19:25,20:27:25,20:35:25,20:43:25,20:51:25,20:59:25,21:07:25,21:15:25,21:24:25,21:33:25,21:42:25,21:51:25,22:00:25,22:09:25,22:18:25,22:27:25,22:37:25,22:47:25,22:58:25,23:09:25,23:20:25,23:31:25,23:42:25,,,,,,,,,
토요일(하),담티,도착,05:55:10,06:08:50,06:18:50,06:28:50,06:38:50,06:48:50,06:58:50,07:07:50,07:16:50,07:25:50,07:34:50,07:43:50,07:51:50,07:59:50,08:07:50,08:15:50,08:23:50,08:31:50,08:39:50,08:47:50,08:55:50,09:03:50,09:11:50,09:19:50,09:27:50,09:35:50,09:43:50,09:51:50,09:59:50,10:07:50,10:15:50,10:23:50,10:31:50,10:39:50,10:47:50,10:55:50,11:03:50,11:11:50,11:19:50,11:27:50,11:35:50,11:43:50,11:51:50,11:59:50,12:07:50,12:15:50,12:23:50,12:31:50,12:39:50,12:47:50,12:55:50,13:02:50,13:09:50,13:15:50,13:21:50,13:27:50,13:33:50,13:39:50,13:45:50,13:51:50,13:57:50,14:03:50,14:09:50,14:15:50,14:21:50,14:27:50,14:33:50,14:39:50,14:45:50,14:51:50,14:57:50,15:03:50,15:11:50,15:19:50,15:27:50,15:35:50,15:43:50,15:51:50,15:59:50,16:07:50,16:15:50,16:23:50,16:31:50,16:39:50,16:47:50,16:55:50,17:03:50,17:11:50,17:19:50,17:27:50,17:35:50,17:42:50,17:48:50,17:54:50,18:00:50,18:06:50,18:12:50,18:18:50,18:24:50,18:30:50,18:36:50,18:42:50,18:48:50,18:54:50,19:00:50,19:06:50,19:12:50,19:18:50,19:24:50,19:30:50,19:36:50,19:42:50,19:48:50,19:56:50,20:04:50,20:12:50,20:20:50,20:28:50,20:36:50,20:44:50,20:52:50,21:00:50,21:08:50,21:16:50,21:25:50,21:34:50,21:43:50,21:52:50,22:01:50,22:10:50,22:19:50,22:28:50,22:38:50,22:48:50,22:59:50,23:10:50,23:21:50,23:32:50,23:43:50,,,,,,,,,
토요일(하),담티,출발,05:55:35,06:09:15,06:19:15,06:29:15,06:39:15,06:49:15,06:59:15,07:08:15,07:17:15,07:26:15,07:35:15,07:44:15,07:52:15,08:00:15,08:08:15,08:16:15,08:24:15,08:32:15,08:40:15,08:48:15,08:56:15,09:04:15,09:12:15,09:20:15,09:28:15,09:36:15,09:44:15,09:52:15,10:00:15,10:08:15,10:16:15,10:24:15,10:32:15,10:40:15,10:48:15,10:56:15,11:04:15,11:12:15,11:20:15,11:28:15,11:36:15,11:44:15,11:52:15,12:00:15,12:08:15,12:16:15,12:24:15,12:32:15,12:40:15,12:48:15,12:56:15,13:03:15,13:10:15,13:16:15,13:22:15,13:28:15,13:34:15,13:40:15,13:46:15,13:52:15,13:58:15,14:04:15,14:10:15,14:16:15,14:22:15,14:28:15,14:34:15,14:40:15,14:46:15,14:52:15,14:58:15,15:04:15,15:12:15,15:20:15,15:28:15,15:36:15,15:44:15,15:52:15,16:00:15,16:08:15,16:16:15,16:24:15,16:32:15,16:40:15,16:48:15,16:56:15,17:04:15,17:12:15,17:20:15,17:28:15,17:36:15,17:43:15,17:49:15,17:55:15,18:01:15,18:07:15,18:13:15,18:19:15,18:25:15,18:31:15,18:37:15,18:43:15,18:49:15,18:55:15,19:01:15,19:07:15,19:13:15,19:19:15,19:25:15,19:31:15,19:37:15,19:43:15,19:49:15,19:57:15,20:05:15,20:13:15,20:21:15,20:29:15,20:37:15,20:45:15,20:53:15,21:01:15,21:09:15,21:17:15,21:26:15,21:35:15,21:44:15,21:53:15,22:02:15,22:11:15,22:20:15,22:29:15,22:39:15,22:49:15,23:00:15,23:11:15,23:22:15,23:33:15,23:44:15,,,,,,,,,
토요일(하),연호,도착,05:57:40,06:11:20,06:21:20,06:31:20,06:41:20,06:51:20,07:01:20,07:10:20,07:19:20,07:28:20,07:37:20,07:46:20,07:54:20,08:02:20,08:10:20,08:18:20,08:26:20,08:34:20,08:42:20,08:50:20,08:58:20,09:06:20,09:14:20,09:22:20,09:30:20,09:38:20,09:46:20,09:54:20,10:02:20,10:10:20,10:18:20,10:26:20,10:34:20,10:42:20,10:50:20,10:58:20,11:06:20,11:14:20,11:22:20,11:30:20,11:38:20,11:46:20,11:54:20,12:02:20,12:10:20,12:18:20,12:26:20,12:34:20,12:42:20,12:50:20,12:58:20,13:05:20,13:12:20,13:18:20,13:24:20,13:30:20,13:36:20,13:42:20,13:48:20,13:54:20,14:00:20,14:06:20,14:12:20,14:18:20,14:24:20,14:30:20,14:36:20,14:42:20,14:48:20,14:54:20,15:00:20,15:06:20,15:14:20,15:22:20,15:30:20,15:38:20,15:46:20,15:54:20,16:02:20,16:10:20,16:18:20,16:26:20,16:34:20,16:42:20,16:50:20,16:58:20,17:06:20,17:14:20,17:22:20,17:30:20,17:38:20,17:45:20,17:51:20,17:57:20,18:03:20,18:09:20,18:15:20,18:21:20,18:27:20,18:33:20,18:39:20,18:45:20,18:51:20,18:57:20,19:03:20,19:09:20,19:15:20,19:21:20,19:27:20,19:33:20,19:39:20,19:45:20,19:51:20,19:59:20,20:07:20,20:15:20,20:23:20,20:31:20,20:39:20,20:47:20,20:55:20,21:03:20,21:11:20,21:19:20,21:28:20,21:37:20,21:46:20,21:55:20,22:04:20,22:13:20,22:22:20,22:31:20,22:41:20,22:51:20,23:02:20,23:13:20,23:24:20,23:35:20,23:46:20,,,,,,,,,
토요일(하),연호,출발,05:58:05,06:11:45,06:21:45,06:31:45,06:41:45,06:51:45,07:01:45,07:10:45,07:19:45,07:28:45,07:37:45,07:46:45,07:54:45,08:02:45,08:10:45,08:18:45,08:26:45,08:34:45,08:42:45,08:50:45,08:58:45,09:06:45,09:14:45,09:22:45,09:30:45,09:38:45,09:46:45,09:54:45,10:02:45,10:10:45,10:18:45,10:26:45,10:34:45,10:42:45,10:50:45,10:58:45,11:06:45,11:14:45,11:22:45,11:30:45,11:38:45,11:46:45,11:54:45,12:02:45,12:10:45,12:18:45,12:26:45,12:34:45,12:42:45,12:50:45,12:58:45,13:05:45,13:12:45,13:18:45,13:24:45,13:30:45,13:36:45,13:42:45,13:48:45,13:54:45,14:00:45,14:06:45,14:12:45,14:18:45,14:24:45,14:30:45,14:36:45,14:42:45,14:48:45,14:54:45,15:00:45,15:06:45,15:14:45,15:22:45,15:30:45,15:38:45,15:46:45,15:54:45,16:02:45,16:10:45,16:18:45,16:26:45,16:34:45,16:42:45,16:50:45,16:58:45,17:06:45,17:14:45,17:22:45,17:30:45,17:38:45,17:45:45,17:51:45,17:57:45,18:03:45,18:09:45,18:15:45,18:21:45,18:27:45,18:33:45,18:39:45,18:45:45,18:51:45,18:57:45,19:03:45,19:09:45,19:15:45,19:21:45,19:27:45,19:33:45,19:39:45,19:45:45,19:51:45,19:59:45,20:07:45,20:15:45,20:23:45,20:31:45,20:39:45,20:47:45,20:55:45,21:03:45,21:11:45,21:19:45,21:28:45,21:37:45,21:46:45,21:55:45,22:04:45,22:13:45,22:22:45,22:31:45,22:41:45,22:51:45,23:02:45,23:13:45,23:24:45,23:35:45,23:46:45,,,,,,,,,
토요일(하),수성알파시티,도착,05:59:25,06:13:05,06:23:05,06:33:05,06:43:05,06:53:05,07:03:05,07:12:05,07:21:05,07:30:05,07:39:05,07:48:05,07:56:05,08:04:05,08:12:05,08:20:05,08:28:05,08:36:05,08:44:05,08:52:05,09:00:05,09:08:05,09:16:05,09:24:05,09:32:05,09:40:05,09:48:05,09:56:05,10:04:05,10:12:05,10:20:05,10:28:05,10:36:05,10:44:05,10:52:05,11:00:05,11:08:05,11:16:05,11:24:05,11:32:05,11:40:05,11:48:05,11:56:05,12:04:05,12:12:05,12:20:05,12:28:05,12:36:05,12:44:05,12:52:05,13:00:05,13:07:05,13:14:05,13:20:05,13:26:05,13:32:05,13:38:05,13:44:05,13:50:05,13:56:05,14:02:05,14:08:05,14:14:05,14:20:05,14:26:05,14:32:05,14:38:05,14:44:05,14:50:05,14:56:05,15:02:05,15:08:05,15:16:05,15:24:05,15:32:05,15:40:05,15:48:05,15:56:05,16:04:05,16:12:05,16:20:05,16:28:05,16:36:05,16:44:05,16:52:05,17:00:05,17:08:05,17:16:05,17:24:05,17:32:05,17:40:05,17:47:05,17:53:05,17:59:05,18:05:05,18:11:05,18:17:05,18:23:05,18:29:05,18:35:05,18:41:05,18:47:05,18:53:05,18:59:05,19:05:05,19:11:05,19:17:05,19:23:05,19:29:05,19:35:05,19:41:05,19:47:05,19:53:05,20:01:05,20:09:05,20:17:05,20:25:05,20:33:05,20:41:05,20:49:05,20:57:05,21:05:05,21:13:05,21:21:05,21:30:05,21:39:05,21:48:05,21:57:05,22:06:05,22:15:05,22:24:05,22:33:05,22:43:05,22:53:05,23:04:05,23:15:05,23:26:05,23:37:05,23:48:05,,,,,,,,,
토요일(하),수성알파시티,출발,05:59:50,06:13:30,06:23:30,06:33:30,06:43:30,06:53:30,07:03:30,07:12:30,07:21:30,07:30:30,07:39:30,07:48:30,07:56:30,08:04:30,08:12:30,08:20:30,08:28:30,08:36:30,08:44:30,08:52:30,09:00:30,09:08:30,09:16:30,09:24:30,09:32:30,09:40:30,09:48:30,09:56:30,10:04:30,10:12:30,10:20:30,10:28:30,10:36:30,10:44:30,10:52:30,11:00:30,11:08:30,11:16:30,11:24:30,11:32:30,11:40:30,11:48:30,11:56:30,12:04:30,12:12:30,12:20:30,12:28:30,12:36:30,12:44:30,12:52:30,13:00:30,13:07:30,13:14:30,13:20:30,13:26:30,13:32:30,13:38:30,13:44:30,13:50:30,13:56:30,14:02:30,14:08:30,14:14:30,14:20:30,14:26:30,14:32:30,14:38:30,14:44:30,14:50:30,14:56:30,15:02:30,15:08:30,15:16:30,15:24:30,15:32:30,15:40:30,15:48:30,15:56:30,16:04:30,16:12:30,16:20:30,16:28:30,16:36:30,16:44:30,16:52:30,17:00:30,17:08:30,17:16:30,17:24:30,17:32:30,17:40:30,17:47:30,17:53:30,17:59:30,18:05:30,18:11:30,18:17:30,18:23:30,18:29:30,18:35:30,18:41:30,18:47:30,18:53:30,18:59:30,19:05:30,19:11:30,19:17:30,19:23:30,19:29:30,19:35:30,19:41:30,19:47:30,19:53:30,20:01:30,20:09:30,20:17:30,20:25:30,20:33:30,20:41:30,20:49:30,20:57:30,21:05:30,21:13:30,21:21:30,21:30:30,21:39:30,21:48:30,21:57:30,22:06:30,22:15:30,22:24:30,22:33:30,22:43:30,22:53:30,23:04:30,23:15:30,23:26:30,23:37:30,23:48:30,,,,,,,,,
토요일(하),고산,도착,06:01:30,06:15:10,06:25:10,06:35:10,06:45:10,06:55:10,07:05:10,07:14:10,07:23:10,07:32:10,07:41:10,07:50:10,07:58:10,08:06:10,08:14:10,08:22:10,08:30:10,08:38:10,08:46:10,08:54:10,09:02:10,09:10:10,09:18:10,09:26:10,09:34:10,09:42:10,09:50:10,09:58:10,10:06:10,10:14:10,10:22:10,10:30:10,10:38:10,10:46:10,10:54:10,11:02:10,11:10:10,11:18:10,11:26:10,11:34:10,11:42:10,11:50:10,11:58:10,12:06:10,12:14:10,12:22:10,12:30:10,12:38:10,12:46:10,12:54:10,13:02:10,13:09:10,13:16:10,13:22:10,13:28:10,13:34:10,13:40:10,13:46:10,13:52:10,13:58:10,14:04:10,14:10:10,14:16:10,14:22:10,14:28:10,14:34:10,14:40:10,14:46:10,14:52:10,14:58:10,15:04:10,15:10:10,15:18:10,15:26:10,15:34:10,15:42:10,15:50:10,15:58:10,16:06:10,16:14:10,16:22:10,16:30:10,16:38:10,16:46:10,16:54:10,17:02:10,17:10:10,17:18:10,17:26:10,17:34:10,17:42:10,17:49:10,17:55:10,18:01:10,18:07:10,18:13:10,18:19:10,18:25:10,18:31:10,18:37:10,18:43:10,18:49:10,18:55:10,19:01:10,19:07:10,19:13:10,19:19:10,19:25:10,19:31:10,19:37:10,19:43:10,19:49:10,19:55:10,20:03:10,20:11:10,20:19:10,20:27:10,20:35:10,20:43:10,20:51:10,20:59:10,21:07:10,21:15:10,21:23:10,21:32:10,21:41:10,21:50:10,21:59:10,22:08:10,22:17:10,22:26:10,22:35:10,22:45:10,22:55:10,23:06:10,23:17:10,23:28:10,23:39:10,23:50:10,,,,,,,,,
토요일(하),고산,출발,06:01:55,06:15:35,06:25:35,06:35:35,06:45:35,06:55:35,07:05:35,07:14:35,07:23:35,07:32:35,07:41:35,07:50:35,07:58:35,08:06:35,08:14:35,08:22:35,08:30:35,08:38:35,08:46:35,08:54:35,09:02:35,09:10:35,09:18:35,09:26:35,09:34:35,09:42:35,09:50:35,09:58:35,10:06:35,10:14:35,10:22:35,10:30:35,10:38:35,10:46:35,10:54:35,11:02:35,11:10:35,11:18:35,11:26:35,11:34:35,11:42:35,11:50:35,11:58:35,12:06:35,12:14:35,12:22:35,12:30:35,12:38:35,12:46:35,12:54:35,13:02:35,13:09:35,13:16:35,13:22:35,13:28:35,13:34:35,13:40:35,13:46:35,13:52:35,13:58:35,14:04:35,14:10:35,14:16:35,14:22:35,14:28:35,14:34:35,14:40:35,14:46:35,14:52:35,14:58:35,15:04:35,15:10:35,15:18:35,15:26:35,15:34:35,15:42:35,15:50:35,15:58:35,16:06:35,16:14:35,16:22:35,16:30:35,16:38:35,16:46:35,16:54:35,17:02:35,17:10:35,17:18:35,17:26:35,17:34:35,17:42:35,17:49:35,17:55:35,18:01:35,18:07:35,18:13:35,18:19:35,18:25:35,18:31:35,18:37:35,18:43:35,18:49:35,18:55:35,19:01:35,19:07:35,19:13:35,19:19:35,19:25:35,19:31:35,19:37:35,19:43:35,19:49:35,19:55:35,20:03:35,20:11:35,20:19:35,20:27:35,20:35:35,20:43:35,20:51:35,20:59:35,21:07:35,21:15:35,21:23:35,21:32:35,21:41:35,21:50:35,21:59:35,22:08:35,22:17:35,22:26:35,22:35:35,22:45:35,22:55:35,23:06:35,23:17:35,23:28:35,23:39:35,23:50:35,,,,,,,,,
토요일(하),신매,도착,06:03:25,06:17:05,06:27:05,06:37:05,06:47:05,06:57:05,07:07:05,07:16:05,07:25:05,07:34:05,07:43:05,07:52:05,08:00:05,08:08:05,08:16:05,08:24:05,08:32:05,08:40:05,08:48:05,08:56:05,09:04:05,09:12:05,09:20:05,09:28:05,09:36:05,09:44:05,09:52:05,10:00:05,10:08:05,10:16:05,10:24:05,10:32:05,10:40:05,10:48:05,10:56:05,11:04:05,11:12:05,11:20:05,11:28:05,11:36:05,11:44:05,11:52:05,12:00:05,12:08:05,12:16:05,12:24:05,12:32:05,12:40:05,12:48:05,12:56:05,13:04:05,13:11:05,13:18:05,13:24:05,13:30:05,13:36:05,13:42:05,13:48:05,13:54:05,14:00:05,14:06:05,14:12:05,14:18:05,14:24:05,14:30:05,14:36:05,14:42:05,14:48:05,14:54:05,15:00:05,15:06:05,15:12:05,15:20:05,15:28:05,15:36:05,15:44:05,15:52:05,16:00:05,16:08:05,16:16:05,16:24:05,16:32:05,16:40:05,16:48:05,16:56:05,17:04:05,17:12:05,17:20:05,17:28:05,17:36:05,17:44:05,17:51:05,17:57:05,18:03:05,18:09:05,18:15:05,18:21:05,18:27:05,18:33:05,18:39:05,18:45:05,18:51:05,18:57:05,19:03:05,19:09:05,19:15:05,19:21:05,19:27:05,19:33:05,19:39:05,19:45:05,19:51:05,19:57:05,20:05:05,20:13:05,20:21:05,20:29:05,20:37:05,20:45:05,20:53:05,21:01:05,21:09:05,21:17:05,21:25:05,21:34:05,21:43:05,21:52:05,22:01:05,22:10:05,22:19:05,22:28:05,22:37:05,22:47:05,22:57:05,23:08:05,23:19:05,23:30:05,23:41:05,23:52:05,,,,,,,,,
토요일(하),신매,출발,06:03:50,06:17:30,06:27:30,06:37:30,06:47:30,06:57:30,07:07:30,07:16:30,07:25:30,07:34:30,07:43:30,07:52:30,08:00:30,08:08:30,08:16:30,08:24:30,08:32:30,08:40:30,08:48:30,08:56:30,09:04:30,09:12:30,09:20:30,09:28:30,09:36:30,09:44:30,09:52:30,10:00:30,10:08:30,10:16:30,10:24:30,10:32:30,10:40:30,10:48:30,10:56:30,11:04:30,11:12:30,11:20:30,11:28:30,11:36:30,11:44:30,11:52:30,12:00:30,12:08:30,12:16:30,12:24:30,12:32:30,12:40:30,12:48:30,12:56:30,13:04:30,13:11:30,13:18:30,13:24:30,13:30:30,13:36:30,13:42:30,13:48:30,13:54:30,14:00:30,14:06:30,14:12:30,14:18:30,14:24:30,14:30:30,14:36:30,14:42:30,14:48:30,14:54:30,15:00:30,15:06:30,15:12:30,15:20:30,15:28:30,15:36:30,15:44:30,15:52:30,16:00:30,16:08:30,16:16:30,16:24:30,16:32:30,16:40:30,16:48:30,16:56:30,17:04:30,17:12:30,17:20:30,17:28:30,17:36:30,17:44:30,17:51:30,17:57:30,18:03:30,18:09:30,18:15:30,18:21:30,18:27:30,18:33:30,18:39:30,18:45:30,18:51:30,18:57:30,19:03:30,19:09:30,19:15:30,19:21:30,19:27:30,19:33:30,19:39:30,19:45:30,19:51:30,19:57:30,20:05:30,20:13:30,20:21:30,20:29:30,20:37:30,20:45:30,20:53:30,21:01:30,21:09:30,21:17:30,21:25:30,21:34:30,21:43:30,21:52:30,22:01:30,22:10:30,22:19:30,22:28:30,22:37:30,22:47:30,22:57:30,23:08:30,23:19:30,23:30:30,23:41:30,23:52:30,,,,,,,,,
토요일(하),사월,도착,06:05:20,06:19:00,06:29:00,06:39:00,06:49:00,06:59:00,07:09:00,07:18:00,07:27:00,07:36:00,07:45:00,07:54:00,08:02:00,08:10:00,08:18:00,08:26:00,08:34:00,08:42:00,08:50:00,08:58:00,09:06:00,09:14:00,09:22:00,09:30:00,09:38:00,09:46:00,09:54:00,10:02:00,10:10:00,10:18:00,10:26:00,10:34:00,10:42:00,10:50:00,10:58:00,11:06:00,11:14:00,11:22:00,11:30:00,11:38:00,11:46:00,11:54:00,12:02:00,12:10:00,12:18:00,12:26:00,12:34:00,12:42:00,12:50:00,12:58:00,13:06:00,13:13:00,13:20:00,13:26:00,13:32:00,13:38:00,13:44:00,13:50:00,13:56:00,14:02:00,14:08:00,14:14:00,14:20:00,14:26:00,14:32:00,14:38:00,14:44:00,14:50:00,14:56:00,15:02:00,15:08:00,15:14:00,15:22:00,15:30:00,15:38:00,15:46:00,15:54:00,16:02:00,16:10:00,16:18:00,16:26:00,16:34:00,16:42:00,16:50:00,16:58:00,17:06:00,17:14:00,17:22:00,17:30:00,17:38:00,17:46:00,17:53:00,17:59:00,18:05:00,18:11:00,18:17:00,18:23:00,18:29:00,18:35:00,18:41:00,18:47:00,18:53:00,18:59:00,19:05:00,19:11:00,19:17:00,19:23:00,19:29:00,19:35:00,19:41:00,19:47:00,19:53:00,19:59:00,20:07:00,20:15:00,20:23:00,20:31:00,20:39:00,20:47:00,20:55:00,21:03:00,21:11:00,21:19:00,21:27:00,21:36:00,21:45:00,21:54:00,22:03:00,22:12:00,22:21:00,22:30:00,22:39:00,22:49:00,22:59:00,23:10:00,23:21:00,23:32:00,23:43:00,23:54:00,,,,,,,,,
토요일(하),사월,출발,06:05:45,06:19:25,06:29:25,06:39:25,06:49:25,06:59:25,07:09:25,07:18:25,07:27:25,07:36:25,07:45:25,07:54:25,08:02:25,08:10:25,08:18:25,08:26:25,08:34:25,08:42:25,08:50:25,08:58:25,09:06:25,09:14:25,09:22:25,09:30:25,09:38:25,09:46:25,09:54:25,10:02:25,10:10:25,10:18:25,10:26:25,10:34:25,10:42:25,10:50:25,10:58:25,11:06:25,11:14:25,11:22:25,11:30:25,11:38:25,11:46:25,11:54:25,12:02:25,12:10:25,12:18:25,12:26:25,12:34:25,12:42:25,12:50:25,12:58:25,13:06:25,13:13:25,13:20:25,13:26:25,13:32:25,13:38:25,13:44:25,13:50:25,13:56:25,14:02:25,14:08:25,14:14:25,14:20:25,14:26:25,14:32:25,14:38:25,14:44:25,14:50:25,14:56:25,15:02:25,15:08:25,15:14:25,15:22:25,15:30:25,15:38:25,15:46:25,15:54:25,16:02:25,16:10:25,16:18:25,16:26:25,16:34:25,16:42:25,16:50:25,16:58:25,17:06:25,17:14:25,17:22:25,17:30:25,17:38:25,17:46:25,17:53:25,17:59:25,18:05:25,18:11:25,18:17:25,18:23:25,18:29:25,18:35:25,18:41:25,18:47:25,18:53:25,18:59:25,19:05:25,19:11:25,19:17:25,19:23:25,19:29:25,19:35:25,19:41:25,19:47:25,19:53:25,19:59:25,20:07:25,20:15:25,20:23:25,20:31:25,20:39:25,20:47:25,20:55:25,21:03:25,21:11:25,21:19:25,21:27:25,21:36:25,21:45:25,21:54:25,22:03:25,22:12:25,22:21:25,22:30:25,22:39:25,22:49:25,22:59:25,23:10:25,23:21:25,23:32:25,23:43:25,23:54:25,,,,,,,,,
토요일(하),정평,도착,06:07:20,06:21:00,06:31:00,06:41:00,06:51:00,07:01:00,07:11:00,07:20:00,07:29:00,07:38:00,07:47:00,07:56:00,08:04:00,08:12:00,08:20:00,08:28:00,08:36:00,08:44:00,08:52:00,09:00:00,09:08:00,09:16:00,09:24:00,09:32:00,09:40:00,09:48:00,09:56:00,10:04:00,10:12:00,10:20:00,10:28:00,10:36:00,10:44:00,10:52:00,11:00:00,11:08:00,11:16:00,11:24:00,11:32:00,11:40:00,11:48:00,11:56:00,12:04:00,12:12:00,12:20:00,12:28:00,12:36:00,12:44:00,12:52:00,13:00:00,13:08:00,13:15:00,13:22:00,13:28:00,13:34:00,13:40:00,13:46:00,13:52:00,13:58:00,14:04:00,14:10:00,14:16:00,14:22:00,14:28:00,14:34:00,14:40:00,14:46:00,14:52:00,14:58:00,15:04:00,15:10:00,15:16:00,15:24:00,15:32:00,15:40:00,15:48:00,15:56:00,16:04:00,16:12:00,16:20:00,16:28:00,16:36:00,16:44:00,16:52:00,17:00:00,17:08:00,17:16:00,17:24:00,17:32:00,17:40:00,17:48:00,17:55:00,18:01:00,18:07:00,18:13:00,18:19:00,18:25:00,18:31:00,18:37:00,18:43:00,18:49:00,18:55:00,19:01:00,19:07:00,19:13:00,19:19:00,19:25:00,19:31:00,19:37:00,19:43:00,19:49:00,19:55:00,20:01:00,20:09:00,20:17:00,20:25:00,20:33:00,20:41:00,20:49:00,20:57:00,21:05:00,21:13:00,21:21:00,21:29:00,21:38:00,21:47:00,21:56:00,22:05:00,22:14:00,22:23:00,22:32:00,22:41:00,22:51:00,23:01:00,23:12:00,23:23:00,23:34:00,23:45:00,23:56:00,,,,,,,,,
토요일(하),정평,출발,06:07:45,06:21:25,06:31:25,06:41:25,06:51:25,07:01:25,07:11:25,07:20:25,07:29:25,07:38:25,07:47:25,07:56:25,08:04:25,08:12:25,08:20:25,08:28:25,08:36:25,08:44:25,08:52:25,09:00:25,09:08:25,09:16:25,09:24:25,09:32:25,09:40:25,09:48:25,09:56:25,10:04:25,10:12:25,10:20:25,10:28:25,10:36:25,10:44:25,10:52:25,11:00:25,11:08:25,11:16:25,11:24:25,11:32:25,11:40:25,11:48:25,11:56:25,12:04:25,12:12:25,12:20:25,12:28:25,12:36:25,12:44:25,12:52:25,13:00:25,13:08:25,13:15:25,13:22:25,13:28:25,13:34:25,13:40:25,13:46:25,13:52:25,13:58:25,14:04:25,14:10:25,14:16:25,14:22:25,14:28:25,14:34:25,14:40:25,14:46:25,14:52:25,14:58:25,15:04:25,15:10:25,15:16:25,15:24:25,15:32:25,15:40:25,15:48:25,15:56:25,16:04:25,16:12:25,16:20:25,16:28:25,16:36:25,16:44:25,16:52:25,17:00:25,17:08:25,17:16:25,17:24:25,17:32:25,17:40:25,17:48:25,17:55:25,18:01:25,18:07:25,18:13:25,18:19:25,18:25:25,18:31:25,18:37:25,18:43:25,18:49:25,18:55:25,19:01:25,19:07:25,19:13:25,19:19:25,19:25:25,19:31:25,19:37:25,19:43:25,19:49:25,19:55:25,20:01:25,20:09:25,20:17:25,20:25:25,20:33:25,20:41:25,20:49:25,20:57:25,21:05:25,21:13:25,21:21:25,21:29:25,21:38:25,21:47:25,21:56:25,22:05:25,22:14:25,22:23:25,22:32:25,22:41:25,22:51:25,23:01:25,23:12:25,23:23:25,23:34:25,23:45:25,23:56:25,,,,,,,,,
토요일(하),임당,도착,06:09:15,06:22:55,06:32:55,06:42:55,06:52:55,07:02:55,07:12:55,07:21:55,07:30:55,07:39:55,07:48:55,07:57:55,08:05:55,08:13:55,08:21:55,08:29:55,08:37:55,08:45:55,08:53:55,09:01:55,09:09:55,09:17:55,09:25:55,09:33:55,09:41:55,09:49:55,09:57:55,10:05:55,10:13:55,10:21:55,10:29:55,10:37:55,10:45:55,10:53:55,11:01:55,11:09:55,11:17:55,11:25:55,11:33:55,11:41:55,11:49:55,11:57:55,12:05:55,12:13:55,12:21:55,12:29:55,12:37:55,12:45:55,12:53:55,13:01:55,13:09:55,13:16:55,13:23:55,13:29:55,13:35:55,13:41:55,13:47:55,13:53:55,13:59:55,14:05:55,14:11:55,14:17:55,14:23:55,14:29:55,14:35:55,14:41:55,14:47:55,14:53:55,14:59:55,15:05:55,15:11:55,15:17:55,15:25:55,15:33:55,15:41:55,15:49:55,15:57:55,16:05:55,16:13:55,16:21:55,16:29:55,16:37:55,16:45:55,16:53:55,17:01:55,17:09:55,17:17:55,17:25:55,17:33:55,17:41:55,17:49:55,17:56:55,18:02:55,18:08:55,18:14:55,18:20:55,18:26:55,18:32:55,18:38:55,18:44:55,18:50:55,18:56:55,19:02:55,19:08:55,19:14:55,19:20:55,19:26:55,19:32:55,19:38:55,19:44:55,19:50:55,19:56:55,20:02:55,20:10:55,20:18:55,20:26:55,20:34:55,20:42:55,20:50:55,20:58:55,21:06:55,21:14:55,21:22:55,21:30:55,21:39:55,21:48:55,21:57:55,22:06:55,22:15:55,22:24:55,22:33:55,22:42:55,22:52:55,23:02:55,23:13:55,23:24:55,23:35:55,23:46:55,23:57:55,,,,,,,,,
토요일(하),임당,출발,06:09:40,06:23:20,06:33:20,06:43:20,06:53:20,07:03:20,07:13:20,07:22:20,07:31:20,07:40:20,07:49:20,07:58:20,08:06:20,08:14:20,08:22:20,08:30:20,08:38:20,08:46:20,08:54:20,09:02:20,09:10:20,09:18:20,09:26:20,09:34:20,09:42:20,09:50:20,09:58:20,10:06:20,10:14:20,10:22:20,10:30:20,10:38:20,10:46:20,10:54:20,11:02:20,11:10:20,11:18:20,11:26:20,11:34:20,11:42:20,11:50:20,11:58:20,12:06:20,12:14:20,12:22:20,12:30:20,12:38:20,12:46:20,12:54:20,13:02:20,13:10:20,13:17:20,13:24:20,13:30:20,13:36:20,13:42:20,13:48:20,13:54:20,14:00:20,14:06:20,14:12:20,14:18:20,14:24:20,14:30:20,14:36:20,14:42:20,14:48:20,14:54:20,15:00:20,15:06:20,15:12:20,15:18:20,15:26:20,15:34:20,15:42:20,15:50:20,15:58:20,16:06:20,16:14:20,16:22:20,16:30:20,16:38:20,16:46:20,16:54:20,17:02:20,17:10:20,17:18:20,17:26:20,17:34:20,17:42:20,17:50:20,17:57:20,18:03:20,18:09:20,18:15:20,18:21:20,18:27:20,18:33:20,18:39:20,18:45:20,18:51:20,18:57:20,19:03:20,19:09:20,19:15:20,19:21:20,19:27:20,19:33:20,19:39:20,19:45:20,19:51:20,19:57:20,20:03:20,20:11:20,20:19:20,20:27:20,20:35:20,20:43:20,20:51:20,20:59:20,21:07:20,21:15:20,21:23:20,21:31:20,21:40:20,21:49:20,21:58:20,22:07:20,22:16:20,22:25:20,22:34:20,22:43:20,22:53:20,23:03:20,23:14:20,23:25:20,23:36:20,23:47:20,23:58:20,,,,,,,,,
토요일(하),영남대,도착,06:11:20,06:25:00,06:35:00,06:45:00,06:55:00,07:05:00,07:15:00,07:24:00,07:33:00,07:42:00,07:51:00,08:00:00,08:08:00,08:16:00,08:24:00,08:32:00,08:40:00,08:48:00,08:56:00,09:04:00,09:12:00,09:20:00,09:28:00,09:36:00,09:44:00,09:52:00,10:00:00,10:08:00,10:16:00,10:24:00,10:32:00,10:40:00,10:48:00,10:56:00,11:04:00,11:12:00,11:20:00,11:28:00,11:36:00,11:44:00,11:52:00,12:00:00,12:08:00,12:16:00,12:24:00,12:32:00,12:40:00,12:48:00,12:56:00,13:04:00,13:12:00,13:19:00,13:26:00,13:32:00,13:38:00,13:44:00,13:50:00,13:56:00,14:02:00,14:08:00,14:14:00,14:20:00,14:26:00,14:32:00,14:38:00,14:44:00,14:50:00,14:56:00,15:02:00,15:08:00,15:14:00,15:20:00,15:28:00,15:36:00,15:44:00,15:52:00,16:00:00,16:08:00,16:16:00,16:24:00,16:32:00,16:40:00,16:48:00,16:56:00,17:04:00,17:12:00,17:20:00,17:28:00,17:36:00,17:44:00,17:52:00,17:59:00,18:05:00,18:11:00,18:17:00,18:23:00,18:29:00,18:35:00,18:41:00,18:47:00,18:53:00,18:59:00,19:05:00,19:11:00,19:17:00,19:23:00,19:29:00,19:35:00,19:41:00,19:47:00,19:53:00,19:59:00,20:05:00,20:13:00,20:21:00,20:29:00,20:37:00,20:45:00,20:53:00,21:01:00,21:09:00,21:17:00,21:25:00,21:33:00,21:42:00,21:51:00,22:00:00,22:09:00,22:18:00,22:27:00,22:36:00,22:45:00,22:55:00,23:05:00,23:16:00,23:27:00,23:38:00,23:49:00,00:00:00,,,,,,,,,
휴일(하),문양,출발,,05:30:00,05:40:00,05:50:00,06:00:00,06:10:00,06:20:00,06:29:00,06:38:00,06:47:00,06:56:00,07:05:00,07:14:00,07:23:00,07:32:00,07:41:00,07:50:00,07:59:00,08:08:00,08:17:00,08:26:00,08:35:00,08:44:00,08:53:00,09:02:00,09:11:00,09:20:00,09:29:00,09:38:00,09:47:00,09:56:00,10:05:00,10:14:00,10:23:00,10:32:00,10:41:00,10:49:00,10:57:00,11:05:00,11:13:00,11:21:00,11:29:00,11:37:00,11:45:00,11:53:00,12:01:00,12:09:00,12:17:00,12:25:00,12:33:00,12:41:00,12:49:00,12:57:00,13:05:00,13:13:00,13:21:00,13:29:00,13:37:00,13:45:00,13:53:00,14:01:00,14:09:00,14:17:00,14:25:00,14:33:00,14:41:00,14:49:00,14:57:00,15:05:00,15:13:00,15:21:00,15:29:00,15:37:00,15:45:00,15:53:00,16:01:00,16:09:00,16:17:00,16:25:00,16:33:00,16:41:00,16:49:00,16:57:00,17:05:00,17:13:00,17:21:00,17:29:00,17:38:00,17:47:00,17:56:00,18:05:00,18:14:00,18:23:00,18:32:00,18:41:00,18:50:00,18:59:00,19:08:00,19:17:00,19:26:00,19:35:00,19:44:00,19:53:00,20:02:00,20:11:00,20:20:00,20:29:00,20:38:00,20:47:00,20:56:00,21:05:00,21:14:00,21:23:00,21:32:00,21:41:00,21:50:00,22:00:00,22:10:00,22:21:00,22:32:00,22:43:00,22:54:00,23:05:00,23:19:45,,,,,,,,,,,,,,,,,,,,,,,,
휴일(하),다사,도착,,05:33:25,05:43:25,05:53:25,06:03:25,06:13:25,06:23:25,06:32:25,06:41:25,06:50:25,06:59:25,07:08:25,07:17:25,07:26:25,07:35:25,07:44:25,07:53:25,08:02:25,08:11:25,08:20:25,08:29:25,08:38:25,08:47:25,08:56:25,09:05:25,09:14:25,09:23:25,09:32:25,09:41:25,09:50:25,09:59:25,10:08:25,10:17:25,10:26:25,10:35:25,10:44:25,10:52:25,11:00:25,11:08:25,11:16:25,11:24:25,11:32:25,11:40:25,11:48:25,11:56:25,12:04:25,12:12:25,12:20:25,12:28:25,12:36:25,12:44:25,12:52:25,13:00:25,13:08:25,13:16:25,13:24:25,13:32:25,13:40:25,13:48:25,13:56:25,14:04:25,14:12:25,14:20:25,14:28:25,14:36:25,14:44:25,14:52:25,15:00:25,15:08:25,15:16:25,15:24:25,15:32:25,15:40:25,15:48:25,15:56:25,16:04:25,16:12:25,16:20:25,16:28:25,16:36:25,16:44:25,16:52:25,17:00:25,17:08:25,17:16:25,17:24:25,17:32:25,17:41:25,17:50:25,17:59:25,18:08:25,18:17:25,18:26:25,18:35:25,18:44:25,18:53:25,19:02:25,19:11:25,19:20:25,19:29:25,19:38:25,19:47:25,19:56:25,20:05:25,20:14:25,20:23:25,20:32:25,20:41:25,20:50:25,20:59:25,21:08:25,21:17:25,21:26:25,21:35:25,21:44:25,21:53:25,22:03:25,22:13:25,22:24:25,22:35:25,22:46:25,22:57:25,23:08:25,23:23:10,,,,,,,,,,,,,,,,,,,,,,,,
휴일(하),다사,출발,,05:33:50,05:43:50,05:53:50,06:03:50,06:13:50,06:23:50,06:32:50,06:41:50,06:50:50,06:59:50,07:08:50,07:17:50,07:26:50,07:35:50,07:44:50,07:53:50,08:02:50,08:11:50,08:20:50,08:29:50,08:38:50,08:47:50,08:56:50,09:05:50,09:14:50,09:23:50,09:32:50,09:41:50,09:50:50,09:59:50,10:08:50,10:17:50,10:26:50,10:35:50,10:44:50,10:52:50,11:00:50,11:08:50,11:16:50,11:24:50,11:32:50,11:40:50,11:48:50,11:56:50,12:04:50,12:12:50,12:20:50,12:28:50,12:36:50,12:44:50,12:52:50,13:00:50,13:08:50,13:16:50,13:24:50,13:32:50,13:40:50,13:48:50,13:56:50,14:04:50,14:12:50,14:20:50,14:28:50,14:36:50,14:44:50,14:52:50,15:00:50,15:08:50,15:16:50,15:24:50,15:32:50,15:40:50,15:48:50,15:56:50,16:04:50,16:12:50,16:20:50,16:28:50,16:36:50,16:44:50,16:52:50,17:00:50,17:08:50,17:16:50,17:24:50,17:32:50,17:41:50,17:50:50,17:59:50,18:08:50,18:17:50,18:26:50,18:35:50,18:44:50,18:53:50,19:02:50,19:11:50,19:20:50,19:29:50,19:38:50,19:47:50,19:56:50,20:05:50,20:14:50,20:23:50,20:32:50,20:41:50,20:50:50,20:59:50,21:08:50,21:17:50,21:26:50,21:35:50,21:44:50,21:53:50,22:03:50,22:13:50,22:24:50,22:35:50,22:46:50,22:57:50,23:08:50,23:23:35,,,,,,,,,,,,,,,,,,,,,,,,
휴일(하),대실,도착,,05:35:25,05:45:25,05:55:25,06:05:25,06:15:25,06:25:25,06:34:25,06:43:25,06:52:25,07:01:25,07:10:25,07:19:25,07:28:25,07:37:25,07:46:25,07:55:25,08:04:25,08:13:25,08:22:25,08:31:25,08:40:25,08:49:25,08:58:25,09:07:25,09:16:25,09:25:25,09:34:25,09:43:25,09:52:25,10:01:25,10:10:25,10:19:25,10:28:25,10:37:25,10:46:25,10:54:25,11:02:25,11:10:25,11:18:25,11:26:25,11:34:25,11:42:25,11:50:25,11:58:25,12:06:25,12:14:25,12:22:25,12:30:25,12:38:25,12:46:25,12:54:25,13:02:25,13:10:25,13:18:25,13:26:25,13:34:25,13:42:25,13:50:25,13:58:25,14:06:25,14:14:25,14:22:25,14:30:25,14:38:25,14:46:25,14:54:25,15:02:25,15:10:25,15:18:25,15:26:25,15:34:25,15:42:25,15:50:25,15:58:25,16:06:25,16:14:25,16:22:25,16:30:25,16:38:25,16:46:25,16:54:25,17:02:25,17:10:25,17:18:25,17:26:25,17:34:25,17:43:25,17:52:25,18:01:25,18:10:25,18:19:25,18:28:25,18:37:25,18:46:25,18:55:25,19:04:25,19:13:25,19:22:25,19:31:25,19:40:25,19:49:25,19:58:25,20:07:25,20:16:25,20:25:25,20:34:25,20:43:25,20:52:25,21:01:25,21:10:25,21:19:25,21:28:25,21:37:25,21:46:25,21:55:25,22:05:25,22:15:25,22:26:25,22:37:25,22:48:25,22:59:25,23:10:25,23:25:10,,,,,,,,,,,,,,,,,,,,,,,,
휴일(하),대실,출발,,05:35:50,05:45:50,05:55:50,06:05:50,06:15:50,06:25:50,06:34:50,06:43:50,06:52:50,07:01:50,07:10:50,07:19:50,07:28:50,07:37:50,07:46:50,07:55:50,08:04:50,08:13:50,08:22:50,08:31:50,08:40:50,08:49:50,08:58:50,09:07:50,09:16:50,09:25:50,09:34:50,09:43:50,09:52:50,10:01:50,10:10:50,10:19:50,10:28:50,10:37:50,10:46:50,10:54:50,11:02:50,11:10:50,11:18:50,11:26:50,11:34:50,11:42:50,11:50:50,11:58:50,12:06:50,12:14:50,12:22:50,12:30:50,12:38:50,12:46:50,12:54:50,13:02:50,13:10:50,13:18:50,13:26:50,13:34:50,13:42:50,13:50:50,13:58:50,14:06:50,14:14:50,14:22:50,14:30:50,14:38:50,14:46:50,14:54:50,15:02:50,15:10:50,15:18:50,15:26:50,15:34:50,15:42:50,15:50:50,15:58:50,16:06:50,16:14:50,16:22:50,16:30:50,16:38:50,16:46:50,16:54:50,17:02:50,17:10:50,17:18:50,17:26:50,17:34:50,17:43:50,17:52:50,18:01:50,18:10:50,18:19:50,18:28:50,18:37:50,18:46:50,18:55:50,19:04:50,19:13:50,19:22:50,19:31:50,19:40:50,19:49:50,19:58:50,20:07:50,20:16:50,20:25:50,20:34:50,20:43:50,20:52:50,21:01:50,21:10:50,21:19:50,21:28:50,21:37:50,21:46:50,21:55:50,22:05:50,22:15:50,22:26:50,22:37:50,22:48:50,22:59:50,23:10:50,23:25:35,,,,,,,,,,,,,,,,,,,,,,,,
휴일(하),강창,도착,,05:37:30,05:47:30,05:57:30,06:07:30,06:17:30,06:27:30,06:36:30,06:45:30,06:54:30,07:03:30,07:12:30,07:21:30,07:30:30,07:39:30,07:48:30,07:57:30,08:06:30,08:15:30,08:24:30,08:33:30,08:42:30,08:51:30,09:00:30,09:09:30,09:18:30,09:27:30,09:36:30,09:45:30,09:54:30,10:03:30,10:12:30,10:21:30,10:30:30,10:39:30,10:48:30,10:56:30,11:04:30,11:12:30,11:20:30,11:28:30,11:36:30,11:44:30,11:52:30,12:00:30,12:08:30,12:16:30,12:24:30,12:32:30,12:40:30,12:48:30,12:56:30,13:04:30,13:12:30,13:20:30,13:28:30,13:36:30,13:44:30,13:52:30,14:00:30,14:08:30,14:16:30,14:24:30,14:32:30,14:40:30,14:48:30,14:56:30,15:04:30,15:12:30,15:20:30,15:28:30,15:36:30,15:44:30,15:52:30,16:00:30,16:08:30,16:16:30,16:24:30,16:32:30,16:40:30,16:48:30,16:56:30,17:04:30,17:12:30,17:20:30,17:28:30,17:36:30,17:45:30,17:54:30,18:03:30,18:12:30,18:21:30,18:30:30,18:39:30,18:48:30,18:57:30,19:06:30,19:15:30,19:24:30,19:33:30,19:42:30,19:51:30,20:00:30,20:09:30,20:18:30,20:27:30,20:36:30,20:45:30,20:54:30,21:03:30,21:12:30,21:21:30,21:30:30,21:39:30,21:48:30,21:57:30,22:07:30,22:17:30,22:28:30,22:39:30,22:50:30,23:01:30,23:12:30,23:27:15,,,,,,,,,,,,,,,,,,,,,,,,
휴일(하),강창,출발,,05:37:55,05:47:55,05:57:55,06:07:55,06:17:55,06:27:55,06:36:55,06:45:55,06:54:55,07:03:55,07:12:55,07:21:55,07:30:55,07:39:55,07:48:55,07:57:55,08:06:55,08:15:55,08:24:55,08:33:55,08:42:55,08:51:55,09:00:55,09:09:55,09:18:55,09:27:55,09:36:55,09:45:55,09:54:55,10:03:55,10:12:55,10:21:55,10:30:55,10:39:55,10:48:55,10:56:55,11:04:55,11:12:55,11:20:55,11:28:55,11:36:55,11:44:55,11:52:55,12:00:55,12:08:55,12:16:55,12:24:55,12:32:55,12:40:55,12:48:55,12:56:55,13:04:55,13:12:55,13:20:55,13:28:55,13:36:55,13:44:55,13:52:55,14:00:55,14:08:55,14:16:55,14:24:55,14:32:55,14:40:55,14:48:55,14:56:55,15:04:55,15:12:55,15:20:55,15:28:55,15:36:55,15:44:55,15:52:55,16:00:55,16:08:55,16:16:55,16:24:55,16:32:55,16:40:55,16:48:55,16:56:55,17:04:55,17:12:55,17:20:55,17:28:55,17:36:55,17:45:55,17:54:55,18:03:55,18:12:55,18:21:55,18:30:55,18:39:55,18:48:55,18:57:55,19:06:55,19:15:55,19:24:55,19:33:55,19:42:55,19:51:55,20:00:55,20:09:55,20:18:55,20:27:55,20:36:55,20:45:55,20:54:55,21:03:55,21:12:55,21:21:55,21:30:55,21:39:55,21:48:55,21:57:55,22:07:55,22:17:55,22:28:55,22:39:55,22:50:55,23:01:55,23:12:55,23:27:40,,,,,,,,,,,,,,,,,,,,,,,,
휴일(하),계명대,도착,,05:39:30,05:49:30,05:59:30,06:09:30,06:19:30,06:29:30,06:38:30,06:47:30,06:56:30,07:05:30,07:14:30,07:23:30,07:32:30,07:41:30,07:50:30,07:59:30,08:08:30,08:17:30,08:26:30,08:35:30,08:44:30,08:53:30,09:02:30,09:11:30,09:20:30,09:29:30,09:38:30,09:47:30,09:56:30,10:05:30,10:14:30,10:23:30,10:32:30,10:41:30,10:50:30,10:58:30,11:06:30,11:14:30,11:22:30,11:30:30,11:38:30,11:46:30,11:54:30,12:02:30,12:10:30,12:18:30,12:26:30,12:34:30,12:42:30,12:50:30,12:58:30,13:06:30,13:14:30,13:22:30,13:30:30,13:38:30,13:46:30,13:54:30,14:02:30,14:10:30,14:18:30,14:26:30,14:34:30,14:42:30,14:50:30,14:58:30,15:06:30,15:14:30,15:22:30,15:30:30,15:38:30,15:46:30,15:54:30,16:02:30,16:10:30,16:18:30,16:26:30,16:34:30,16:42:30,16:50:30,16:58:30,17:06:30,17:14:30,17:22:30,17:30:30,17:38:30,17:47:30,17:56:30,18:05:30,18:14:30,18:23:30,18:32:30,18:41:30,18:50:30,18:59:30,19:08:30,19:17:30,19:26:30,19:35:30,19:44:30,19:53:30,20:02:30,20:11:30,20:20:30,20:29:30,20:38:30,20:47:30,20:56:30,21:05:30,21:14:30,21:23:30,21:32:30,21:41:30,21:50:30,21:59:30,22:09:30,22:19:30,22:30:30,22:41:30,22:52:30,23:03:30,23:14:30,23:29:15,,,,,,,,,,,,,,,,,,,,,,,,
휴일(하),계명대,출발,,05:39:55,05:49:55,05:59:55,06:09:55,06:19:55,06:29:55,06:38:55,06:47:55,06:56:55,07:05:55,07:14:55,07:23:55,07:32:55,07:41:55,07:50:55,07:59:55,08:08:55,08:17:55,08:26:55,08:35:55,08:44:55,08:53:55,09:02:55,09:11:55,09:20:55,09:29:55,09:38:55,09:47:55,09:56:55,10:05:55,10:14:55,10:23:55,10:32:55,10:41:55,10:50:55,10:58:55,11:06:55,11:14:55,11:22:55,11:30:55,11:38:55,11:46:55,11:54:55,12:02:55,12:10:55,12:18:55,12:26:55,12:34:55,12:42:55,12:50:55,12:58:55,13:06:55,13:14:55,13:22:55,13:30:55,13:38:55,13:46:55,13:54:55,14:02:55,14:10:55,14:18:55,14:26:55,14:34:55,14:42:55,14:50:55,14:58:55,15:06:55,15:14:55,15:22:55,15:30:55,15:38:55,15:46:55,15:54:55,16:02:55,16:10:55,16:18:55,16:26:55,16:34:55,16:42:55,16:50:55,16:58:55,17:06:55,17:14:55,17:22:55,17:30:55,17:38:55,17:47:55,17:56:55,18:05:55,18:14:55,18:23:55,18:32:55,18:41:55,18:50:55,18:59:55,19:08:55,19:17:55,19:26:55,19:35:55,19:44:55,19:53:55,20:02:55,20:11:55,20:20:55,20:29:55,20:38:55,20:47:55,20:56:55,21:05:55,21:14:55,21:23:55,21:32:55,21:41:55,21:50:55,21:59:55,22:09:55,22:19:55,22:30:55,22:41:55,22:52:55,23:03:55,23:14:55,23:29:40,,,,,,,,,,,,,,,,,,,,,,,,
휴일(하),성서산업단지,도착,,05:41:35,05:51:35,06:01:35,06:11:35,06:21:35,06:31:35,06:40:35,06:49:35,06:58:35,07:07:35,07:16:35,07:25:35,07:34:35,07:43:35,07:52:35,08:01:35,08:10:35,08:19:35,08:28:35,08:37:35,08:46:35,08:55:35,09:04:35,09:13:35,09:22:35,09:31:35,09:40:35,09:49:35,09:58:35,10:07:35,10:16:35,10:25:35,10:34:35,10:43:35,10:52:35,11:00:35,11:08:35,11:16:35,11:24:35,11:32:35,11:40:35,11:48:35,11:56:35,12:04:35,12:12:35,12:20:35,12:28:35,12:36:35,12:44:35,12:52:35,13:00:35,13:08:35,13:16:35,13:24:35,13:32:35,13:40:35,13:48:35,13:56:35,14:04:35,14:12:35,14:20:35,14:28:35,14:36:35,14:44:35,14:52:35,15:00:35,15:08:35,15:16:35,15:24:35,15:32:35,15:40:35,15:48:35,15:56:35,16:04:35,16:12:35,16:20:35,16:28:35,16:36:35,16:44:35,16:52:35,17:00:35,17:08:35,17:16:35,17:24:35,17:32:35,17:40:35,17:49:35,17:58:35,18:07:35,18:16:35,18:25:35,18:34:35,18:43:35,18:52:35,19:01:35,19:10:35,19:19:35,19:28:35,19:37:35,19:46:35,19:55:35,20:04:35,20:13:35,20:22:35,20:31:35,20:40:35,20:49:35,20:58:35,21:07:35,21:16:35,21:25:35,21:34:35,21:43:35,21:52:35,22:01:35,22:11:35,22:21:35,22:32:35,22:43:35,22:54:35,23:05:35,23:16:35,23:31:20,,,,,,,,,,,,,,,,,,,,,,,,
휴일(하),성서산업단지,출발,,05:42:00,05:52:00,06:02:00,06:12:00,06:22:00,06:32:00,06:41:00,06:50:00,06:59:00,07:08:00,07:17:00,07:26:00,07:35:00,07:44:00,07:53:00,08:02:00,08:11:00,08:20:00,08:29:00,08:38:00,08:47:00,08:56:00,09:05:00,09:14:00,09:23:00,09:32:00,09:41:00,09:50:00,09:59:00,10:08:00,10:17:00,10:26:00,10:35:00,10:44:00,10:53:00,11:01:00,11:09:00,11:17:00,11:25:00,11:33:00,11:41:00,11:49:00,11:57:00,12:05:00,12:13:00,12:21:00,12:29:00,12:37:00,12:45:00,12:53:00,13:01:00,13:09:00,13:17:00,13:25:00,13:33:00,13:41:00,13:49:00,13:57:00,14:05:00,14:13:00,14:21:00,14:29:00,14:37:00,14:45:00,14:53:00,15:01:00,15:09:00,15:17:00,15:25:00,15:33:00,15:41:00,15:49:00,15:57:00,16:05:00,16:13:00,16:21:00,16:29:00,16:37:00,16:45:00,16:53:00,17:01:00,17:09:00,17:17:00,17:25:00,17:33:00,17:41:00,17:50:00,17:59:00,18:08:00,18:17:00,18:26:00,18:35:00,18:44:00,18:53:00,19:02:00,19:11:00,19:20:00,19:29:00,19:38:00,19:47:00,19:56:00,20:05:00,20:14:00,20:23:00,20:32:00,20:41:00,20:50:00,20:59:00,21:08:00,21:17:00,21:26:00,21:35:00,21:44:00,21:53:00,22:02:00,22:12:00,22:22:00,22:33:00,22:44:00,22:55:00,23:06:00,23:17:00,23:31:45,,,,,,,,,,,,,,,,,,,,,,,,
휴일(하),이곡,도착,,05:43:15,05:53:15,06:03:15,06:13:15,06:23:15,06:33:15,06:42:15,06:51:15,07:00:15,07:09:15,07:18:15,07:27:15,07:36:15,07:45:15,07:54:15,08:03:15,08:12:15,08:21:15,08:30:15,08:39:15,08:48:15,08:57:15,09:06:15,09:15:15,09:24:15,09:33:15,09:42:15,09:51:15,10:00:15,10:09:15,10:18:15,10:27:15,10:36:15,10:45:15,10:54:15,11:02:15,11:10:15,11:18:15,11:26:15,11:34:15,11:42:15,11:50:15,11:58:15,12:06:15,12:14:15,12:22:15,12:30:15,12:38:15,12:46:15,12:54:15,13:02:15,13:10:15,13:18:15,13:26:15,13:34:15,13:42:15,13:50:15,13:58:15,14:06:15,14:14:15,14:22:15,14:30:15,14:38:15,14:46:15,14:54:15,15:02:15,15:10:15,15:18:15,15:26:15,15:34:15,15:42:15,15:50:15,15:58:15,16:06:15,16:14:15,16:22:15,16:30:15,16:38:15,16:46:15,16:54:15,17:02:15,17:10:15,17:18:15,17:26:15,17:34:15,17:42:15,17:51:15,18:00:15,18:09:15,18:18:15,18:27:15,18:36:15,18:45:15,18:54:15,19:03:15,19:12:15,19:21:15,19:30:15,19:39:15,19:48:15,19:57:15,20:06:15,20:15:15,20:24:15,20:33:15,20:42:15,20:51:15,21:00:15,21:09:15,21:18:15,21:27:15,21:36:15,21:45:15,21:54:15,22:03:15,22:13:15,22:23:15,22:34:15,22:45:15,22:56:15,23:07:15,23:18:15,23:33:00,,,,,,,,,,,,,,,,,,,,,,,,
휴일(하),이곡,출발,05:30:00,05:43:40,05:53:40,06:03:40,06:13:40,06:23:40,06:33:40,06:42:40,06:51:40,07:00:40,07:09:40,07:18:40,07:27:40,07:36:40,07:45:40,07:54:40,08:03:40,08:12:40,08:21:40,08:30:40,08:39:40,08:48:40,08:57:40,09:06:40,09:15:40,09:24:40,09:33:40,09:42:40,09:51:40,10:00:40,10:09:40,10:18:40,10:27:40,10:36:40,10:45:40,10:54:40,11:02:40,11:10:40,11:18:40,11:26:40,11:34:40,11:42:40,11:50:40,11:58:40,12:06:40,12:14:40,12:22:40,12:30:40,12:38:40,12:46:40,12:54:40,13:02:40,13:10:40,13:18:40,13:26:40,13:34:40,13:42:40,13:50:40,13:58:40,14:06:40,14:14:40,14:22:40,14:30:40,14:38:40,14:46:40,14:54:40,15:02:40,15:10:40,15:18:40,15:26:40,15:34:40,15:42:40,15:50:40,15:58:40,16:06:40,16:14:40,16:22:40,16:30:40,16:38:40,16:46:40,16:54:40,17:02:40,17:10:40,17:18:40,17:26:40,17:34:40,17:42:40,17:51:40,18:00:40,18:09:40,18:18:40,18:27:40,18:36:40,18:45:40,18:54:40,19:03:40,19:12:40,19:21:40,19:30:40,19:39:40,19:48:40,19:57:40,20:06:40,20:15:40,20:24:40,20:33:40,20:42:40,20:51:40,21:00:40,21:09:40,21:18:40,21:27:40,21:36:40,21:45:40,21:54:40,22:03:40,22:13:40,22:23:40,22:34:40,22:45:40,22:56:40,23:07:40,23:18:40,23:33:25,,,,,,,,,,,,,,,,,,,,,,,,
휴일(하),용산,도착,05:31:50,05:45:30,05:55:30,06:05:30,06:15:30,06:25:30,06:35:30,06:44:30,06:53:30,07:02:30,07:11:30,07:20:30,07:29:30,07:38:30,07:47:30,07:56:30,08:05:30,08:14:30,08:23:30,08:32:30,08:41:30,08:50:30,08:59:30,09:08:30,09:17:30,09:26:30,09:35:30,09:44:30,09:53:30,10:02:30,10:11:30,10:20:30,10:29:30,10:38:30,10:47:30,10:56:30,11:04:30,11:12:30,11:20:30,11:28:30,11:36:30,11:44:30,11:52:30,12:00:30,12:08:30,12:16:30,12:24:30,12:32:30,12:40:30,12:48:30,12:56:30,13:04:30,13:12:30,13:20:30,13:28:30,13:36:30,13:44:30,13:52:30,14:00:30,14:08:30,14:16:30,14:24:30,14:32:30,14:40:30,14:48:30,14:56:30,15:04:30,15:12:30,15:20:30,15:28:30,15:36:30,15:44:30,15:52:30,16:00:30,16:08:30,16:16:30,16:24:30,16:32:30,16:40:30,16:48:30,16:56:30,17:04:30,17:12:30,17:20:30,17:28:30,17:36:30,17:44:30,17:53:30,18:02:30,18:11:30,18:20:30,18:29:30,18:38:30,18:47:30,18:56:30,19:05:30,19:14:30,19:23:30,19:32:30,19:41:30,19:50:30,19:59:30,20:08:30,20:17:30,20:26:30,20:35:30,20:44:30,20:53:30,21:02:30,21:11:30,21:20:30,21:29:30,21:38:30,21:47:30,21:56:30,22:05:30,22:15:30,22:25:30,22:36:30,22:47:30,22:58:30,23:09:30,23:20:30,23:35:15,,,,,,,,,,,,,,,,,,,,,,,,
휴일(하),용산,출발,05:32:15,05:45:55,05:55:55,06:05:55,06:15:55,06:25:55,06:35:55,06:44:55,06:53:55,07:02:55,07:11:55,07:20:55,07:29:55,07:38:55,07:47:55,07:56:55,08:05:55,08:14:55,08:23:55,08:32:55,08:41:55,08:50:55,08:59:55,09:08:55,09:17:55,09:26:55,09:35:55,09:44:55,09:53:55,10:02:55,10:11:55,10:20:55,10:29:55,10:38:55,10:47:55,10:56:55,11:04:55,11:12:55,11:20:55,11:28:55,11:36:55,11:44:55,11:52:55,12:00:55,12:08:55,12:16:55,12:24:55,12:32:55,12:40:55,12:48:55,12:56:55,13:04:55,13:12:55,13:20:55,13:28:55,13:36:55,13:44:55,13:52:55,14:00:55,14:08:55,14:16:55,14:24:55,14:32:55,14:40:55,14:48:55,14:56:55,15:04:55,15:12:55,15:20:55,15:28:55,15:36:55,15:44:55,15:52:55,16:00:55,16:08:55,16:16:55,16:24:55,16:32:55,16:40:55,16:48:55,16:56:55,17:04:55,17:12:55,17:20:55,17:28:55,17:36:55,17:44:55,17:53:55,18:02:55,18:11:55,18:20:55,18:29:55,18:38:55,18:47:55,18:56:55,19:05:55,19:14:55,19:23:55,19:32:55,19:41:55,19:50:55,19:59:55,20:08:55,20:17:55,20:26:55,20:35:55,20:44:55,20:53:55,21:02:55,21:11:55,21:20:55,21:29:55,21:38:55,21:47:55,21:56:55,22:05:55,22:15:55,22:25:55,22:36:55,22:47:55,22:58:55,23:09:55,23:20:55,23:35:40,,,,,,,,,,,,,,,,,,,,,,,,
휴일(하),죽전,도착,05:33:35,05:47:15,05:57:15,06:07:15,06:17:15,06:27:15,06:37:15,06:46:15,06:55:15,07:04:15,07:13:15,07:22:15,07:31:15,07:40:15,07:49:15,07:58:15,08:07:15,08:16:15,08:25:15,08:34:15,08:43:15,08:52:15,09:01:15,09:10:15,09:19:15,09:28:15,09:37:15,09:46:15,09:55:15,10:04:15,10:13:15,10:22:15,10:31:15,10:40:15,10:49:15,10:58:15,11:06:15,11:14:15,11:22:15,11:30:15,11:38:15,11:46:15,11:54:15,12:02:15,12:10:15,12:18:15,12:26:15,12:34:15,12:42:15,12:50:15,12:58:15,13:06:15,13:14:15,13:22:15,13:30:15,13:38:15,13:46:15,13:54:15,14:02:15,14:10:15,14:18:15,14:26:15,14:34:15,14:42:15,14:50:15,14:58:15,15:06:15,15:14:15,15:22:15,15:30:15,15:38:15,15:46:15,15:54:15,16:02:15,16:10:15,16:18:15,16:26:15,16:34:15,16:42:15,16:50:15,16:58:15,17:06:15,17:14:15,17:22:15,17:30:15,17:38:15,17:46:15,17:55:15,18:04:15,18:13:15,18:22:15,18:31:15,18:40:15,18:49:15,18:58:15,19:07:15,19:16:15,19:25:15,19:34:15,19:43:15,19:52:15,20:01:15,20:10:15,20:19:15,20:28:15,20:37:15,20:46:15,20:55:15,21:04:15,21:13:15,21:22:15,21:31:15,21:40:15,21:49:15,21:58:15,22:07:15,22:17:15,22:27:15,22:38:15,22:49:15,23:00:15,23:11:15,23:22:15,23:37:00,,,,,,,,,,,,,,,,,,,,,,,,
휴일(하),죽전,출발,05:34:00,05:47:40,05:57:40,06:07:40,06:17:40,06:27:40,06:37:40,06:46:40,06:55:40,07:04:40,07:13:40,07:22:40,07:31:40,07:40:40,07:49:40,07:58:40,08:07:40,08:16:40,08:25:40,08:34:40,08:43:40,08:52:40,09:01:40,09:10:40,09:19:40,09:28:40,09:37:40,09:46:40,09:55:40,10:04:40,10:13:40,10:22:40,10:31:40,10:40:40,10:49:40,10:58:40,11:06:40,11:14:40,11:22:40,11:30:40,11:38:40,11:46:40,11:54:40,12:02:40,12:10:40,12:18:40,12:26:40,12:34:40,12:42:40,12:50:40,12:58:40,13:06:40,13:14:40,13:22:40,13:30:40,13:38:40,13:46:40,13:54:40,14:02:40,14:10:40,14:18:40,14:26:40,14:34:40,14:42:40,14:50:40,14:58:40,15:06:40,15:14:40,15:22:40,15:30:40,15:38:40,15:46:40,15:54:40,16:02:40,16:10:40,16:18:40,16:26:40,16:34:40,16:42:40,16:50:40,16:58:40,17:06:40,17:14:40,17:22:40,17:30:40,17:38:40,17:46:40,17:55:40,18:04:40,18:13:40,18:22:40,18:31:40,18:40:40,18:49:40,18:58:40,19:07:40,19:16:40,19:25:40,19:34:40,19:43:40,19:52:40,20:01:40,20:10:40,20:19:40,20:28:40,20:37:40,20:46:40,20:55:40,21:04:40,21:13:40,21:22:40,21:31:40,21:40:40,21:49:40,21:58:40,22:07:40,22:17:40,22:27:40,22:38:40,22:49:40,23:00:40,23:11:40,23:22:40,23:37:25,,,,,,,,,,,,,,,,,,,,,,,,
휴일(하),감삼,도착,05:35:20,05:49:00,05:59:00,06:09:00,06:19:00,06:29:00,06:39:00,06:48:00,06:57:00,07:06:00,07:15:00,07:24:00,07:33:00,07:42:00,07:51:00,08:00:00,08:09:00,08:18:00,08:27:00,08:36:00,08:45:00,08:54:00,09:03:00,09:12:00,09:21:00,09:30:00,09:39:00,09:48:00,09:57:00,10:06:00,10:15:00,10:24:00,10:33:00,10:42:00,10:51:00,11:00:00,11:08:00,11:16:00,11:24:00,11:32:00,11:40:00,11:48:00,11:56:00,12:04:00,12:12:00,12:20:00,12:28:00,12:36:00,12:44:00,12:52:00,13:00:00,13:08:00,13:16:00,13:24:00,13:32:00,13:40:00,13:48:00,13:56:00,14:04:00,14:12:00,14:20:00,14:28:00,14:36:00,14:44:00,14:52:00,15:00:00,15:08:00,15:16:00,15:24:00,15:32:00,15:40:00,15:48:00,15:56:00,16:04:00,16:12:00,16:20:00,16:28:00,16:36:00,16:44:00,16:52:00,17:00:00,17:08:00,17:16:00,17:24:00,17:32:00,17:40:00,17:48:00,17:57:00,18:06:00,18:15:00,18:24:00,18:33:00,18:42:00,18:51:00,19:00:00,19:09:00,19:18:00,19:27:00,19:36:00,19:45:00,19:54:00,20:03:00,20:12:00,20:21:00,20:30:00,20:39:00,20:48:00,20:57:00,21:06:00,21:15:00,21:24:00,21:33:00,21:42:00,21:51:00,22:00:00,22:09:00,22:19:00,22:29:00,22:40:00,22:51:00,23:02:00,23:13:00,23:24:00,23:38:45,,,,,,,,,,,,,,,,,,,,,,,,
휴일(하),감삼,출발,05:35:45,05:49:25,05:59:25,06:09:25,06:19:25,06:29:25,06:39:25,06:48:25,06:57:25,07:06:25,07:15:25,07:24:25,07:33:25,07:42:25,07:51:25,08:00:25,08:09:25,08:18:25,08:27:25,08:36:25,08:45:25,08:54:25,09:03:25,09:12:25,09:21:25,09:30:25,09:39:25,09:48:25,09:57:25,10:06:25,10:15:25,10:24:25,10:33:25,10:42:25,10:51:25,11:00:25,11:08:25,11:16:25,11:24:25,11:32:25,11:40:25,11:48:25,11:56:25,12:04:25,12:12:25,12:20:25,12:28:25,12:36:25,12:44:25,12:52:25,13:00:25,13:08:25,13:16:25,13:24:25,13:32:25,13:40:25,13:48:25,13:56:25,14:04:25,14:12:25,14:20:25,14:28:25,14:36:25,14:44:25,14:52:25,15:00:25,15:08:25,15:16:25,15:24:25,15:32:25,15:40:25,15:48:25,15:56:25,16:04:25,16:12:25,16:20:25,16:28:25,16:36:25,16:44:25,16:52:25,17:00:25,17:08:25,17:16:25,17:24:25,17:32:25,17:40:25,17:48:25,17:57:25,18:06:25,18:15:25,18:24:25,18:33:25,18:42:25,18:51:25,19:00:25,19:09:25,19:18:25,19:27:25,19:36:25,19:45:25,19:54:25,20:03:25,20:12:25,20:21:25,20:30:25,20:39:25,20:48:25,20:57:25,21:06:25,21:15:25,21:24:25,21:33:25,21:42:25,21:51:25,22:00:25,22:09:25,22:19:25,22:29:25,22:40:25,22:51:25,23:02:25,23:13:25,23:24:25,23:39:10,,,,,,,,,,,,,,,,,,,,,,,,
휴일(하),두류,도착,05:37:05,05:50:45,06:00:45,06:10:45,06:20:45,06:30:45,06:40:45,06:49:45,06:58:45,07:07:45,07:16:45,07:25:45,07:34:45,07:43:45,07:52:45,08:01:45,08:10:45,08:19:45,08:28:45,08:37:45,08:46:45,08:55:45,09:04:45,09:13:45,09:22:45,09:31:45,09:40:45,09:49:45,09:58:45,10:07:45,10:16:45,10:25:45,10:34:45,10:43:45,10:52:45,11:01:45,11:09:45,11:17:45,11:25:45,11:33:45,11:41:45,11:49:45,11:57:45,12:05:45,12:13:45,12:21:45,12:29:45,12:37:45,12:45:45,12:53:45,13:01:45,13:09:45,13:17:45,13:25:45,13:33:45,13:41:45,13:49:45,13:57:45,14:05:45,14:13:45,14:21:45,14:29:45,14:37:45,14:45:45,14:53:45,15:01:45,15:09:45,15:17:45,15:25:45,15:33:45,15:41:45,15:49:45,15:57:45,16:05:45,16:13:45,16:21:45,16:29:45,16:37:45,16:45:45,16:53:45,17:01:45,17:09:45,17:17:45,17:25:45,17:33:45,17:41:45,17:49:45,17:58:45,18:07:45,18:16:45,18:25:45,18:34:45,18:43:45,18:52:45,19:01:45,19:10:45,19:19:45,19:28:45,19:37:45,19:46:45,19:55:45,20:04:45,20:13:45,20:22:45,20:31:45,20:40:45,20:49:45,20:58:45,21:07:45,21:16:45,21:25:45,21:34:45,21:43:45,21:52:45,22:01:45,22:10:45,22:20:45,22:30:45,22:41:45,22:52:45,23:03:45,23:14:45,23:25:45,23:40:30,,,,,,,,,,,,,,,,,,,,,,,,
휴일(하),두류,출발,05:37:30,05:51:10,06:01:10,06:11:10,06:21:10,06:31:10,06:41:10,06:50:10,06:59:10,07:08:10,07:17:10,07:26:10,07:35:10,07:44:10,07:53:10,08:02:10,08:11:10,08:20:10,08:29:10,08:38:10,08:47:10,08:56:10,09:05:10,09:14:10,09:23:10,09:32:10,09:41:10,09:50:10,09:59:10,10:08:10,10:17:10,10:26:10,10:35:10,10:44:10,10:53:10,11:02:10,11:10:10,11:18:10,11:26:10,11:34:10,11:42:10,11:50:10,11:58:10,12:06:10,12:14:10,12:22:10,12:30:10,12:38:10,12:46:10,12:54:10,13:02:10,13:10:10,13:18:10,13:26:10,13:34:10,13:42:10,13:50:10,13:58:10,14:06:10,14:14:10,14:22:10,14:30:10,14:38:10,14:46:10,14:54:10,15:02:10,15:10:10,15:18:10,15:26:10,15:34:10,15:42:10,15:50:10,15:58:10,16:06:10,16:14:10,16:22:10,16:30:10,16:38:10,16:46:10,16:54:10,17:02:10,17:10:10,17:18:10,17:26:10,17:34:10,17:42:10,17:50:10,17:59:10,18:08:10,18:17:10,18:26:10,18:35:10,18:44:10,18:53:10,19:02:10,19:11:10,19:20:10,19:29:10,19:38:10,19:47:10,19:56:10,20:05:10,20:14:10,20:23:10,20:32:10,20:41:10,20:50:10,20:59:10,21:08:10,21:17:10,21:26:10,21:35:10,21:44:10,21:53:10,22:02:10,22:11:10,22:21:10,22:31:10,22:42:10,22:53:10,23:04:10,23:15:10,23:26:10,23:40:55,,,,,,,,,,,,,,,,,,,,,,,,
휴일(하),내당,도착,05:38:45,05:52:25,06:02:25,06:12:25,06:22:25,06:32:25,06:42:25,06:51:25,07:00:25,07:09:25,07:18:25,07:27:25,07:36:25,07:45:25,07:54:25,08:03:25,08:12:25,08:21:25,08:30:25,08:39:25,08:48:25,08:57:25,09:06:25,09:15:25,09:24:25,09:33:25,09:42:25,09:51:25,10:00:25,10:09:25,10:18:25,10:27:25,10:36:25,10:45:25,10:54:25,11:03:25,11:11:25,11:19:25,11:27:25,11:35:25,11:43:25,11:51:25,11:59:25,12:07:25,12:15:25,12:23:25,12:31:25,12:39:25,12:47:25,12:55:25,13:03:25,13:11:25,13:19:25,13:27:25,13:35:25,13:43:25,13:51:25,13:59:25,14:07:25,14:15:25,14:23:25,14:31:25,14:39:25,14:47:25,14:55:25,15:03:25,15:11:25,15:19:25,15:27:25,15:35:25,15:43:25,15:51:25,15:59:25,16:07:25,16:15:25,16:23:25,16:31:25,16:39:25,16:47:25,16:55:25,17:03:25,17:11:25,17:19:25,17:27:25,17:35:25,17:43:25,17:51:25,18:00:25,18:09:25,18:18:25,18:27:25,18:36:25,18:45:25,18:54:25,19:03:25,19:12:25,19:21:25,19:30:25,19:39:25,19:48:25,19:57:25,20:06:25,20:15:25,20:24:25,20:33:25,20:42:25,20:51:25,21:00:25,21:09:25,21:18:25,21:27:25,21:36:25,21:45:25,21:54:25,22:03:25,22:12:25,22:22:25,22:32:25,22:43:25,22:54:25,23:05:25,23:16:25,23:27:25,23:42:10,,,,,,,,,,,,,,,,,,,,,,,,
휴일(하),내당,출발,05:39:10,05:52:50,06:02:50,06:12:50,06:22:50,06:32:50,06:42:50,06:51:50,07:00:50,07:09:50,07:18:50,07:27:50,07:36:50,07:45:50,07:54:50,08:03:50,08:12:50,08:21:50,08:30:50,08:39:50,08:48:50,08:57:50,09:06:50,09:15:50,09:24:50,09:33:50,09:42:50,09:51:50,10:00:50,10:09:50,10:18:50,10:27:50,10:36:50,10:45:50,10:54:50,11:03:50,11:11:50,11:19:50,11:27:50,11:35:50,11:43:50,11:51:50,11:59:50,12:07:50,12:15:50,12:23:50,12:31:50,12:39:50,12:47:50,12:55:50,13:03:50,13:11:50,13:19:50,13:27:50,13:35:50,13:43:50,13:51:50,13:59:50,14:07:50,14:15:50,14:23:50,14:31:50,14:39:50,14:47:50,14:55:50,15:03:50,15:11:50,15:19:50,15:27:50,15:35:50,15:43:50,15:51:50,15:59:50,16:07:50,16:15:50,16:23:50,16:31:50,16:39:50,16:47:50,16:55:50,17:03:50,17:11:50,17:19:50,17:27:50,17:35:50,17:43:50,17:51:50,18:00:50,18:09:50,18:18:50,18:27:50,18:36:50,18:45:50,18:54:50,19:03:50,19:12:50,19:21:50,19:30:50,19:39:50,19:48:50,19:57:50,20:06:50,20:15:50,20:24:50,20:33:50,20:42:50,20:51:50,21:00:50,21:09:50,21:18:50,21:27:50,21:36:50,21:45:50,21:54:50,22:03:50,22:12:50,22:22:50,22:32:50,22:43:50,22:54:50,23:05:50,23:16:50,23:27:50,23:42:35,,,,,,,,,,,,,,,,,,,,,,,,
휴일(하),반고개,도착,05:40:25,05:54:05,06:04:05,06:14:05,06:24:05,06:34:05,06:44:05,06:53:05,07:02:05,07:11:05,07:20:05,07:29:05,07:38:05,07:47:05,07:56:05,08:05:05,08:14:05,08:23:05,08:32:05,08:41:05,08:50:05,08:59:05,09:08:05,09:17:05,09:26:05,09:35:05,09:44:05,09:53:05,10:02:05,10:11:05,10:20:05,10:29:05,10:38:05,10:47:05,10:56:05,11:05:05,11:13:05,11:21:05,11:29:05,11:37:05,11:45:05,11:53:05,12:01:05,12:09:05,12:17:05,12:25:05,12:33:05,12:41:05,12:49:05,12:57:05,13:05:05,13:13:05,13:21:05,13:29:05,13:37:05,13:45:05,13:53:05,14:01:05,14:09:05,14:17:05,14:25:05,14:33:05,14:41:05,14:49:05,14:57:05,15:05:05,15:13:05,15:21:05,15:29:05,15:37:05,15:45:05,15:53:05,16:01:05,16:09:05,16:17:05,16:25:05,16:33:05,16:41:05,16:49:05,16:57:05,17:05:05,17:13:05,17:21:05,17:29:05,17:37:05,17:45:05,17:53:05,18:02:05,18:11:05,18:20:05,18:29:05,18:38:05,18:47:05,18:56:05,19:05:05,19:14:05,19:23:05,19:32:05,19:41:05,19:50:05,19:59:05,20:08:05,20:17:05,20:26:05,20:35:05,20:44:05,20:53:05,21:02:05,21:11:05,21:20:05,21:29:05,21:38:05,21:47:05,21:56:05,22:05:05,22:14:05,22:24:05,22:34:05,22:45:05,22:56:05,23:07:05,23:18:05,23:29:05,23:43:50,,,,,,,,,,,,,,,,,,,,,,,,
휴일(하),반고개,출발,05:40:50,05:54:30,06:04:30,06:14:30,06:24:30,06:34:30,06:44:30,06:53:30,07:02:30,07:11:30,07:20:30,07:29:30,07:38:30,07:47:30,07:56:30,08:05:30,08:14:30,08:23:30,08:32:30,08:41:30,08:50:30,08:59:30,09:08:30,09:17:30,09:26:30,09:35:30,09:44:30,09:53:30,10:02:30,10:11:30,10:20:30,10:29:30,10:38:30,10:47:30,10:56:30,11:05:30,11:13:30,11:21:30,11:29:30,11:37:30,11:45:30,11:53:30,12:01:30,12:09:30,12:17:30,12:25:30,12:33:30,12:41:30,12:49:30,12:57:30,13:05:30,13:13:30,13:21:30,13:29:30,13:37:30,13:45:30,13:53:30,14:01:30,14:09:30,14:17:30,14:25:30,14:33:30,14:41:30,14:49:30,14:57:30,15:05:30,15:13:30,15:21:30,15:29:30,15:37:30,15:45:30,15:53:30,16:01:30,16:09:30,16:17:30,16:25:30,16:33:30,16:41:30,16:49:30,16:57:30,17:05:30,17:13:30,17:21:30,17:29:30,17:37:30,17:45:30,17:53:30,18:02:30,18:11:30,18:20:30,18:29:30,18:38:30,18:47:30,18:56:30,19:05:30,19:14:30,19:23:30,19:32:30,19:41:30,19:50:30,19:59:30,20:08:30,20:17:30,20:26:30,20:35:30,20:44:30,20:53:30,21:02:30,21:11:30,21:20:30,21:29:30,21:38:30,21:47:30,21:56:30,22:05:30,22:14:30,22:24:30,22:34:30,22:45:30,22:56:30,23:07:30,23:18:30,23:29:30,23:44:15,,,,,,,,,,,,,,,,,,,,,,,,
휴일(하),청라언덕2,도착,05:42:10,05:55:50,06:05:50,06:15:50,06:25:50,06:35:50,06:45:50,06:54:50,07:03:50,07:12:50,07:21:50,07:30:50,07:39:50,07:48:50,07:57:50,08:06:50,08:15:50,08:24:50,08:33:50,08:42:50,08:51:50,09:00:50,09:09:50,09:18:50,09:27:50,09:36:50,09:45:50,09:54:50,10:03:50,10:12:50,10:21:50,10:30:50,10:39:50,10:48:50,10:57:50,11:06:50,11:14:50,11:22:50,11:30:50,11:38:50,11:46:50,11:54:50,12:02:50,12:10:50,12:18:50,12:26:50,12:34:50,12:42:50,12:50:50,12:58:50,13:06:50,13:14:50,13:22:50,13:30:50,13:38:50,13:46:50,13:54:50,14:02:50,14:10:50,14:18:50,14:26:50,14:34:50,14:42:50,14:50:50,14:58:50,15:06:50,15:14:50,15:22:50,15:30:50,15:38:50,15:46:50,15:54:50,16:02:50,16:10:50,16:18:50,16:26:50,16:34:50,16:42:50,16:50:50,16:58:50,17:06:50,17:14:50,17:22:50,17:30:50,17:38:50,17:46:50,17:54:50,18:03:50,18:12:50,18:21:50,18:30:50,18:39:50,18:48:50,18:57:50,19:06:50,19:15:50,19:24:50,19:33:50,19:42:50,19:51:50,20:00:50,20:09:50,20:18:50,20:27:50,20:36:50,20:45:50,20:54:50,21:03:50,21:12:50,21:21:50,21:30:50,21:39:50,21:48:50,21:57:50,22:06:50,22:15:50,22:25:50,22:35:50,22:46:50,22:57:50,23:08:50,23:19:50,23:30:50,23:45:35,,,,,,,,,,,,,,,,,,,,,,,,
휴일(하),청라언덕2,출발,05:42:35,05:56:15,06:06:15,06:16:15,06:26:15,06:36:15,06:46:15,06:55:15,07:04:15,07:13:15,07:22:15,07:31:15,07:40:15,07:49:15,07:58:15,08:07:15,08:16:15,08:25:15,08:34:15,08:43:15,08:52:15,09:01:15,09:10:15,09:19:15,09:28:15,09:37:15,09:46:15,09:55:15,10:04:15,10:13:15,10:22:15,10:31:15,10:40:15,10:49:15,10:58:15,11:07:15,11:15:15,11:23:15,11:31:15,11:39:15,11:47:15,11:55:15,12:03:15,12:11:15,12:19:15,12:27:15,12:35:15,12:43:15,12:51:15,12:59:15,13:07:15,13:15:15,13:23:15,13:31:15,13:39:15,13:47:15,13:55:15,14:03:15,14:11:15,14:19:15,14:27:15,14:35:15,14:43:15,14:51:15,14:59:15,15:07:15,15:15:15,15:23:15,15:31:15,15:39:15,15:47:15,15:55:15,16:03:15,16:11:15,16:19:15,16:27:15,16:35:15,16:43:15,16:51:15,16:59:15,17:07:15,17:15:15,17:23:15,17:31:15,17:39:15,17:47:15,17:55:15,18:04:15,18:13:15,18:22:15,18:31:15,18:40:15,18:49:15,18:58:15,19:07:15,19:16:15,19:25:15,19:34:15,19:43:15,19:52:15,20:01:15,20:10:15,20:19:15,20:28:15,20:37:15,20:46:15,20:55:15,21:04:15,21:13:15,21:22:15,21:31:15,21:40:15,21:49:15,21:58:15,22:07:15,22:16:15,22:26:15,22:36:15,22:47:15,22:58:15,23:09:15,23:20:15,23:31:15,23:46:00,,,,,,,,,,,,,,,,,,,,,,,,
휴일(하),반월당2,도착,05:44:05,05:57:45,06:07:45,06:17:45,06:27:45,06:37:45,06:47:45,06:56:45,07:05:45,07:14:45,07:23:45,07:32:45,07:41:45,07:50:45,07:59:45,08:08:45,08:17:45,08:26:45,08:35:45,08:44:45,08:53:45,09:02:45,09:11:45,09:20:45,09:29:45,09:38:45,09:47:45,09:56:45,10:05:45,10:14:45,10:23:45,10:32:45,10:41:45,10:50:45,10:59:45,11:08:45,11:16:45,11:24:45,11:32:45,11:40:45,11:48:45,11:56:45,12:04:45,12:12:45,12:20:45,12:28:45,12:36:45,12:44:45,12:52:45,13:00:45,13:08:45,13:16:45,13:24:45,13:32:45,13:40:45,13:48:45,13:56:45,14:04:45,14:12:45,14:20:45,14:28:45,14:36:45,14:44:45,14:52:45,15:00:45,15:08:45,15:16:45,15:24:45,15:32:45,15:40:45,15:48:45,15:56:45,16:04:45,16:12:45,16:20:45,16:28:45,16:36:45,16:44:45,16:52:45,17:00:45,17:08:45,17:16:45,17:24:45,17:32:45,17:40:45,17:48:45,17:56:45,18:05:45,18:14:45,18:23:45,18:32:45,18:41:45,18:50:45,18:59:45,19:08:45,19:17:45,19:26:45,19:35:45,19:44:45,19:53:45,20:02:45,20:11:45,20:20:45,20:29:45,20:38:45,20:47:45,20:56:45,21:05:45,21:14:45,21:23:45,21:32:45,21:41:45,21:50:45,21:59:45,22:08:45,22:17:45,22:27:45,22:37:45,22:48:45,22:59:45,23:10:45,23:21:45,23:32:45,23:47:30,,,,,,,,,,,,,,,,,,,,,,,,
휴일(하),반월당2,출발,05:44:30,05:58:10,06:08:10,06:18:10,06:28:10,06:38:10,06:48:10,06:57:10,07:06:10,07:15:10,07:24:10,07:33:10,07:42:10,07:51:10,08:00:10,08:09:10,08:18:10,08:27:10,08:36:10,08:45:10,08:54:10,09:03:10,09:12:10,09:21:10,09:30:10,09:39:10,09:48:10,09:57:10,10:06:10,10:15:10,10:24:10,10:33:10,10:42:10,10:51:10,11:00:10,11:09:10,11:17:10,11:25:10,11:33:10,11:41:10,11:49:10,11:57:10,12:05:10,12:13:10,12:21:10,12:29:10,12:37:10,12:45:10,12:53:10,13:01:10,13:09:10,13:17:10,13:25:10,13:33:10,13:41:10,13:49:10,13:57:10,14:05:10,14:13:10,14:21:10,14:29:10,14:37:10,14:45:10,14:53:10,15:01:10,15:09:10,15:17:10,15:25:10,15:33:10,15:41:10,15:49:10,15:57:10,16:05:10,16:13:10,16:21:10,16:29:10,16:37:10,16:45:10,16:53:10,17:01:10,17:09:10,17:17:10,17:25:10,17:33:10,17:41:10,17:49:10,17:57:10,18:06:10,18:15:10,18:24:10,18:33:10,18:42:10,18:51:10,19:00:10,19:09:10,19:18:10,19:27:10,19:36:10,19:45:10,19:54:10,20:03:10,20:12:10,20:21:10,20:30:10,20:39:10,20:48:10,20:57:10,21:06:10,21:15:10,21:24:10,21:33:10,21:42:10,21:51:10,22:00:10,22:09:10,22:18:10,22:28:10,22:38:10,22:49:10,23:00:10,23:11:10,23:22:10,23:33:10,23:47:55,,,,,,,,,,,,,,,,,,,,,,,,
휴일(하),경대병원,도착,05:45:55,05:59:35,06:09:35,06:19:35,06:29:35,06:39:35,06:49:35,06:58:35,07:07:35,07:16:35,07:25:35,07:34:35,07:43:35,07:52:35,08:01:35,08:10:35,08:19:35,08:28:35,08:37:35,08:46:35,08:55:35,09:04:35,09:13:35,09:22:35,09:31:35,09:40:35,09:49:35,09:58:35,10:07:35,10:16:35,10:25:35,10:34:35,10:43:35,10:52:35,11:01:35,11:10:35,11:18:35,11:26:35,11:34:35,11:42:35,11:50:35,11:58:35,12:06:35,12:14:35,12:22:35,12:30:35,12:38:35,12:46:35,12:54:35,13:02:35,13:10:35,13:18:35,13:26:35,13:34:35,13:42:35,13:50:35,13:58:35,14:06:35,14:14:35,14:22:35,14:30:35,14:38:35,14:46:35,14:54:35,15:02:35,15:10:35,15:18:35,15:26:35,15:34:35,15:42:35,15:50:35,15:58:35,16:06:35,16:14:35,16:22:35,16:30:35,16:38:35,16:46:35,16:54:35,17:02:35,17:10:35,17:18:35,17:26:35,17:34:35,17:42:35,17:50:35,17:58:35,18:07:35,18:16:35,18:25:35,18:34:35,18:43:35,18:52:35,19:01:35,19:10:35,19:19:35,19:28:35,19:37:35,19:46:35,19:55:35,20:04:35,20:13:35,20:22:35,20:31:35,20:40:35,20:49:35,20:58:35,21:07:35,21:16:35,21:25:35,21:34:35,21:43:35,21:52:35,22:01:35,22:10:35,22:19:35,22:29:35,22:39:35,22:50:35,23:01:35,23:12:35,23:23:35,23:34:35,23:49:20,,,,,,,,,,,,,,,,,,,,,,,,
휴일(하),경대병원,출발,05:46:20,06:00:00,06:10:00,06:20:00,06:30:00,06:40:00,06:50:00,06:59:00,07:08:00,07:17:00,07:26:00,07:35:00,07:44:00,07:53:00,08:02:00,08:11:00,08:20:00,08:29:00,08:38:00,08:47:00,08:56:00,09:05:00,09:14:00,09:23:00,09:32:00,09:41:00,09:50:00,09:59:00,10:08:00,10:17:00,10:26:00,10:35:00,10:44:00,10:53:00,11:02:00,11:11:00,11:19:00,11:27:00,11:35:00,11:43:00,11:51:00,11:59:00,12:07:00,12:15:00,12:23:00,12:31:00,12:39:00,12:47:00,12:55:00,13:03:00,13:11:00,13:19:00,13:27:00,13:35:00,13:43:00,13:51:00,13:59:00,14:07:00,14:15:00,14:23:00,14:31:00,14:39:00,14:47:00,14:55:00,15:03:00,15:11:00,15:19:00,15:27:00,15:35:00,15:43:00,15:51:00,15:59:00,16:07:00,16:15:00,16:23:00,16:31:00,16:39:00,16:47:00,16:55:00,17:03:00,17:11:00,17:19:00,17:27:00,17:35:00,17:43:00,17:51:00,17:59:00,18:08:00,18:17:00,18:26:00,18:35:00,18:44:00,18:53:00,19:02:00,19:11:00,19:20:00,19:29:00,19:38:00,19:47:00,19:56:00,20:05:00,20:14:00,20:23:00,20:32:00,20:41:00,20:50:00,20:59:00,21:08:00,21:17:00,21:26:00,21:35:00,21:44:00,21:53:00,22:02:00,22:11:00,22:20:00,22:30:00,22:40:00,22:51:00,23:02:00,23:13:00,23:24:00,23:35:00,23:49:45,,,,,,,,,,,,,,,,,,,,,,,,
휴일(하),대구은행,도착,05:48:00,06:01:40,06:11:40,06:21:40,06:31:40,06:41:40,06:51:40,07:00:40,07:09:40,07:18:40,07:27:40,07:36:40,07:45:40,07:54:40,08:03:40,08:12:40,08:21:40,08:30:40,08:39:40,08:48:40,08:57:40,09:06:40,09:15:40,09:24:40,09:33:40,09:42:40,09:51:40,10:00:40,10:09:40,10:18:40,10:27:40,10:36:40,10:45:40,10:54:40,11:03:40,11:12:40,11:20:40,11:28:40,11:36:40,11:44:40,11:52:40,12:00:40,12:08:40,12:16:40,12:24:40,12:32:40,12:40:40,12:48:40,12:56:40,13:04:40,13:12:40,13:20:40,13:28:40,13:36:40,13:44:40,13:52:40,14:00:40,14:08:40,14:16:40,14:24:40,14:32:40,14:40:40,14:48:40,14:56:40,15:04:40,15:12:40,15:20:40,15:28:40,15:36:40,15:44:40,15:52:40,16:00:40,16:08:40,16:16:40,16:24:40,16:32:40,16:40:40,16:48:40,16:56:40,17:04:40,17:12:40,17:20:40,17:28:40,17:36:40,17:44:40,17:52:40,18:00:40,18:09:40,18:18:40,18:27:40,18:36:40,18:45:40,18:54:40,19:03:40,19:12:40,19:21:40,19:30:40,19:39:40,19:48:40,19:57:40,20:06:40,20:15:40,20:24:40,20:33:40,20:42:40,20:51:40,21:00:40,21:09:40,21:18:40,21:27:40,21:36:40,21:45:40,21:54:40,22:03:40,22:12:40,22:21:40,22:31:40,22:41:40,22:52:40,23:03:40,23:14:40,23:25:40,23:36:40,23:51:25,,,,,,,,,,,,,,,,,,,,,,,,
휴일(하),대구은행,출발,05:48:25,06:02:05,06:12:05,06:22:05,06:32:05,06:42:05,06:52:05,07:01:05,07:10:05,07:19:05,07:28:05,07:37:05,07:46:05,07:55:05,08:04:05,08:13:05,08:22:05,08:31:05,08:40:05,08:49:05,08:58:05,09:07:05,09:16:05,09:25:05,09:34:05,09:43:05,09:52:05,10:01:05,10:10:05,10:19:05,10:28:05,10:37:05,10:46:05,10:55:05,11:04:05,11:13:05,11:21:05,11:29:05,11:37:05,11:45:05,11:53:05,12:01:05,12:09:05,12:17:05,12:25:05,12:33:05,12:41:05,12:49:05,12:57:05,13:05:05,13:13:05,13:21:05,13:29:05,13:37:05,13:45:05,13:53:05,14:01:05,14:09:05,14:17:05,14:25:05,14:33:05,14:41:05,14:49:05,14:57:05,15:05:05,15:13:05,15:21:05,15:29:05,15:37:05,15:45:05,15:53:05,16:01:05,16:09:05,16:17:05,16:25:05,16:33:05,16:41:05,16:49:05,16:57:05,17:05:05,17:13:05,17:21:05,17:29:05,17:37:05,17:45:05,17:53:05,18:01:05,18:10:05,18:19:05,18:28:05,18:37:05,18:46:05,18:55:05,19:04:05,19:13:05,19:22:05,19:31:05,19:40:05,19:49:05,19:58:05,20:07:05,20:16:05,20:25:05,20:34:05,20:43:05,20:52:05,21:01:05,21:10:05,21:19:05,21:28:05,21:37:05,21:46:05,21:55:05,22:04:05,22:13:05,22:22:05,22:32:05,22:42:05,22:53:05,23:04:05,23:15:05,23:26:05,23:37:05,23:51:50,,,,,,,,,,,,,,,,,,,,,,,,
휴일(하),범어,도착,05:49:50,06:03:30,06:13:30,06:23:30,06:33:30,06:43:30,06:53:30,07:02:30,07:11:30,07:20:30,07:29:30,07:38:30,07:47:30,07:56:30,08:05:30,08:14:30,08:23:30,08:32:30,08:41:30,08:50:30,08:59:30,09:08:30,09:17:30,09:26:30,09:35:30,09:44:30,09:53:30,10:02:30,10:11:30,10:20:30,10:29:30,10:38:30,10:47:30,10:56:30,11:05:30,11:14:30,11:22:30,11:30:30,11:38:30,11:46:30,11:54:30,12:02:30,12:10:30,12:18:30,12:26:30,12:34:30,12:42:30,12:50:30,12:58:30,13:06:30,13:14:30,13:22:30,13:30:30,13:38:30,13:46:30,13:54:30,14:02:30,14:10:30,14:18:30,14:26:30,14:34:30,14:42:30,14:50:30,14:58:30,15:06:30,15:14:30,15:22:30,15:30:30,15:38:30,15:46:30,15:54:30,16:02:30,16:10:30,16:18:30,16:26:30,16:34:30,16:42:30,16:50:30,16:58:30,17:06:30,17:14:30,17:22:30,17:30:30,17:38:30,17:46:30,17:54:30,18:02:30,18:11:30,18:20:30,18:29:30,18:38:30,18:47:30,18:56:30,19:05:30,19:14:30,19:23:30,19:32:30,19:41:30,19:50:30,19:59:30,20:08:30,20:17:30,20:26:30,20:35:30,20:44:30,20:53:30,21:02:30,21:11:30,21:20:30,21:29:30,21:38:30,21:47:30,21:56:30,22:05:30,22:14:30,22:23:30,22:33:30,22:43:30,22:54:30,23:05:30,23:16:30,23:27:30,23:38:30,23:53:15,,,,,,,,,,,,,,,,,,,,,,,,
휴일(하),범어,출발,05:50:15,06:03:55,06:13:55,06:23:55,06:33:55,06:43:55,06:53:55,07:02:55,07:11:55,07:20:55,07:29:55,07:38:55,07:47:55,07:56:55,08:05:55,08:14:55,08:23:55,08:32:55,08:41:55,08:50:55,08:59:55,09:08:55,09:17:55,09:26:55,09:35:55,09:44:55,09:53:55,10:02:55,10:11:55,10:20:55,10:29:55,10:38:55,10:47:55,10:56:55,11:05:55,11:14:55,11:22:55,11:30:55,11:38:55,11:46:55,11:54:55,12:02:55,12:10:55,12:18:55,12:26:55,12:34:55,12:42:55,12:50:55,12:58:55,13:06:55,13:14:55,13:22:55,13:30:55,13:38:55,13:46:55,13:54:55,14:02:55,14:10:55,14:18:55,14:26:55,14:34:55,14:42:55,14:50:55,14:58:55,15:06:55,15:14:55,15:22:55,15:30:55,15:38:55,15:46:55,15:54:55,16:02:55,16:10:55,16:18:55,16:26:55,16:34:55,16:42:55,16:50:55,16:58:55,17:06:55,17:14:55,17:22:55,17:30:55,17:38:55,17:46:55,17:54:55,18:02:55,18:11:55,18:20:55,18:29:55,18:38:55,18:47:55,18:56:55,19:05:55,19:14:55,19:23:55,19:32:55,19:41:55,19:50:55,19:59:55,20:08:55,20:17:55,20:26:55,20:35:55,20:44:55,20:53:55,21:02:55,21:11:55,21:20:55,21:29:55,21:38:55,21:47:55,21:56:55,22:05:55,22:14:55,22:23:55,22:33:55,22:43:55,22:54:55,23:05:55,23:16:55,23:27:55,23:38:55,23:53:40,,,,,,,,,,,,,,,,,,,,,,,,
휴일(하),수성구청,도착,05:51:35,06:05:15,06:15:15,06:25:15,06:35:15,06:45:15,06:55:15,07:04:15,07:13:15,07:22:15,07:31:15,07:40:15,07:49:15,07:58:15,08:07:15,08:16:15,08:25:15,08:34:15,08:43:15,08:52:15,09:01:15,09:10:15,09:19:15,09:28:15,09:37:15,09:46:15,09:55:15,10:04:15,10:13:15,10:22:15,10:31:15,10:40:15,10:49:15,10:58:15,11:07:15,11:16:15,11:24:15,11:32:15,11:40:15,11:48:15,11:56:15,12:04:15,12:12:15,12:20:15,12:28:15,12:36:15,12:44:15,12:52:15,13:00:15,13:08:15,13:16:15,13:24:15,13:32:15,13:40:15,13:48:15,13:56:15,14:04:15,14:12:15,14:20:15,14:28:15,14:36:15,14:44:15,14:52:15,15:00:15,15:08:15,15:16:15,15:24:15,15:32:15,15:40:15,15:48:15,15:56:15,16:04:15,16:12:15,16:20:15,16:28:15,16:36:15,16:44:15,16:52:15,17:00:15,17:08:15,17:16:15,17:24:15,17:32:15,17:40:15,17:48:15,17:56:15,18:04:15,18:13:15,18:22:15,18:31:15,18:40:15,18:49:15,18:58:15,19:07:15,19:16:15,19:25:15,19:34:15,19:43:15,19:52:15,20:01:15,20:10:15,20:19:15,20:28:15,20:37:15,20:46:15,20:55:15,21:04:15,21:13:15,21:22:15,21:31:15,21:40:15,21:49:15,21:58:15,22:07:15,22:16:15,22:25:15,22:35:15,22:45:15,22:56:15,23:07:15,23:18:15,23:29:15,23:40:15,23:55:00,,,,,,,,,,,,,,,,,,,,,,,,
휴일(하),수성구청,출발,05:52:00,06:05:40,06:15:40,06:25:40,06:35:40,06:45:40,06:55:40,07:04:40,07:13:40,07:22:40,07:31:40,07:40:40,07:49:40,07:58:40,08:07:40,08:16:40,08:25:40,08:34:40,08:43:40,08:52:40,09:01:40,09:10:40,09:19:40,09:28:40,09:37:40,09:46:40,09:55:40,10:04:40,10:13:40,10:22:40,10:31:40,10:40:40,10:49:40,10:58:40,11:07:40,11:16:40,11:24:40,11:32:40,11:40:40,11:48:40,11:56:40,12:04:40,12:12:40,12:20:40,12:28:40,12:36:40,12:44:40,12:52:40,13:00:40,13:08:40,13:16:40,13:24:40,13:32:40,13:40:40,13:48:40,13:56:40,14:04:40,14:12:40,14:20:40,14:28:40,14:36:40,14:44:40,14:52:40,15:00:40,15:08:40,15:16:40,15:24:40,15:32:40,15:40:40,15:48:40,15:56:40,16:04:40,16:12:40,16:20:40,16:28:40,16:36:40,16:44:40,16:52:40,17:00:40,17:08:40,17:16:40,17:24:40,17:32:40,17:40:40,17:48:40,17:56:40,18:04:40,18:13:40,18:22:40,18:31:40,18:40:40,18:49:40,18:58:40,19:07:40,19:16:40,19:25:40,19:34:40,19:43:40,19:52:40,20:01:40,20:10:40,20:19:40,20:28:40,20:37:40,20:46:40,20:55:40,21:04:40,21:13:40,21:22:40,21:31:40,21:40:40,21:49:40,21:58:40,22:07:40,22:16:40,22:25:40,22:35:40,22:45:40,22:56:40,23:07:40,23:18:40,23:29:40,23:40:40,,,,,,,,,,,,,,,,,,,,,,,,,
휴일(하),만촌,도착,05:53:20,06:07:00,06:17:00,06:27:00,06:37:00,06:47:00,06:57:00,07:06:00,07:15:00,07:24:00,07:33:00,07:42:00,07:51:00,08:00:00,08:09:00,08:18:00,08:27:00,08:36:00,08:45:00,08:54:00,09:03:00,09:12:00,09:21:00,09:30:00,09:39:00,09:48:00,09:57:00,10:06:00,10:15:00,10:24:00,10:33:00,10:42:00,10:51:00,11:00:00,11:09:00,11:18:00,11:26:00,11:34:00,11:42:00,11:50:00,11:58:00,12:06:00,12:14:00,12:22:00,12:30:00,12:38:00,12:46:00,12:54:00,13:02:00,13:10:00,13:18:00,13:26:00,13:34:00,13:42:00,13:50:00,13:58:00,14:06:00,14:14:00,14:22:00,14:30:00,14:38:00,14:46:00,14:54:00,15:02:00,15:10:00,15:18:00,15:26:00,15:34:00,15:42:00,15:50:00,15:58:00,16:06:00,16:14:00,16:22:00,16:30:00,16:38:00,16:46:00,16:54:00,17:02:00,17:10:00,17:18:00,17:26:00,17:34:00,17:42:00,17:50:00,17:58:00,18:06:00,18:15:00,18:24:00,18:33:00,18:42:00,18:51:00,19:00:00,19:09:00,19:18:00,19:27:00,19:36:00,19:45:00,19:54:00,20:03:00,20:12:00,20:21:00,20:30:00,20:39:00,20:48:00,20:57:00,21:06:00,21:15:00,21:24:00,21:33:00,21:42:00,21:51:00,22:00:00,22:09:00,22:18:00,22:27:00,22:37:00,22:47:00,22:58:00,23:09:00,23:20:00,23:31:00,23:42:00,,,,,,,,,,,,,,,,,,,,,,,,,
휴일(하),만촌,출발,05:53:45,06:07:25,06:17:25,06:27:25,06:37:25,06:47:25,06:57:25,07:06:25,07:15:25,07:24:25,07:33:25,07:42:25,07:51:25,08:00:25,08:09:25,08:18:25,08:27:25,08:36:25,08:45:25,08:54:25,09:03:25,09:12:25,09:21:25,09:30:25,09:39:25,09:48:25,09:57:25,10:06:25,10:15:25,10:24:25,10:33:25,10:42:25,10:51:25,11:00:25,11:09:25,11:18:25,11:26:25,11:34:25,11:42:25,11:50:25,11:58:25,12:06:25,12:14:25,12:22:25,12:30:25,12:38:25,12:46:25,12:54:25,13:02:25,13:10:25,13:18:25,13:26:25,13:34:25,13:42:25,13:50:25,13:58:25,14:06:25,14:14:25,14:22:25,14:30:25,14:38:25,14:46:25,14:54:25,15:02:25,15:10:25,15:18:25,15:26:25,15:34:25,15:42:25,15:50:25,15:58:25,16:06:25,16:14:25,16:22:25,16:30:25,16:38:25,16:46:25,16:54:25,17:02:25,17:10:25,17:18:25,17:26:25,17:34:25,17:42:25,17:50:25,17:58:25,18:06:25,18:15:25,18:24:25,18:33:25,18:42:25,18:51:25,19:00:25,19:09:25,19:18:25,19:27:25,19:36:25,19:45:25,19:54:25,20:03:25,20:12:25,20:21:25,20:30:25,20:39:25,20:48:25,20:57:25,21:06:25,21:15:25,21:24:25,21:33:25,21:42:25,21:51:25,22:00:25,22:09:25,22:18:25,22:27:25,22:37:25,22:47:25,22:58:25,23:09:25,23:20:25,23:31:25,23:42:25,,,,,,,,,,,,,,,,,,,,,,,,,
휴일(하),담티,도착,05:55:10,06:08:50,06:18:50,06:28:50,06:38:50,06:48:50,06:58:50,07:07:50,07:16:50,07:25:50,07:34:50,07:43:50,07:52:50,08:01:50,08:10:50,08:19:50,08:28:50,08:37:50,08:46:50,08:55:50,09:04:50,09:13:50,09:22:50,09:31:50,09:40:50,09:49:50,09:58:50,10:07:50,10:16:50,10:25:50,10:34:50,10:43:50,10:52:50,11:01:50,11:10:50,11:19:50,11:27:50,11:35:50,11:43:50,11:51:50,11:59:50,12:07:50,12:15:50,12:23:50,12:31:50,12:39:50,12:47:50,12:55:50,13:03:50,13:11:50,13:19:50,13:27:50,13:35:50,13:43:50,13:51:50,13:59:50,14:07:50,14:15:50,14:23:50,14:31:50,14:39:50,14:47:50,14:55:50,15:03:50,15:11:50,15:19:50,15:27:50,15:35:50,15:43:50,15:51:50,15:59:50,16:07:50,16:15:50,16:23:50,16:31:50,16:39:50,16:47:50,16:55:50,17:03:50,17:11:50,17:19:50,17:27:50,17:35:50,17:43:50,17:51:50,17:59:50,18:07:50,18:16:50,18:25:50,18:34:50,18:43:50,18:52:50,19:01:50,19:10:50,19:19:50,19:28:50,19:37:50,19:46:50,19:55:50,20:04:50,20:13:50,20:22:50,20:31:50,20:40:50,20:49:50,20:58:50,21:07:50,21:16:50,21:25:50,21:34:50,21:43:50,21:52:50,22:01:50,22:10:50,22:19:50,22:28:50,22:38:50,22:48:50,22:59:50,23:10:50,23:21:50,23:32:50,23:43:50,,,,,,,,,,,,,,,,,,,,,,,,,
휴일(하),담티,출발,05:55:35,06:09:15,06:19:15,06:29:15,06:39:15,06:49:15,06:59:15,07:08:15,07:17:15,07:26:15,07:35:15,07:44:15,07:53:15,08:02:15,08:11:15,08:20:15,08:29:15,08:38:15,08:47:15,08:56:15,09:05:15,09:14:15,09:23:15,09:32:15,09:41:15,09:50:15,09:59:15,10:08:15,10:17:15,10:26:15,10:35:15,10:44:15,10:53:15,11:02:15,11:11:15,11:20:15,11:28:15,11:36:15,11:44:15,11:52:15,12:00:15,12:08:15,12:16:15,12:24:15,12:32:15,12:40:15,12:48:15,12:56:15,13:04:15,13:12:15,13:20:15,13:28:15,13:36:15,13:44:15,13:52:15,14:00:15,14:08:15,14:16:15,14:24:15,14:32:15,14:40:15,14:48:15,14:56:15,15:04:15,15:12:15,15:20:15,15:28:15,15:36:15,15:44:15,15:52:15,16:00:15,16:08:15,16:16:15,16:24:15,16:32:15,16:40:15,16:48:15,16:56:15,17:04:15,17:12:15,17:20:15,17:28:15,17:36:15,17:44:15,17:52:15,18:00:15,18:08:15,18:17:15,18:26:15,18:35:15,18:44:15,18:53:15,19:02:15,19:11:15,19:20:15,19:29:15,19:38:15,19:47:15,19:56:15,20:05:15,20:14:15,20:23:15,20:32:15,20:41:15,20:50:15,20:59:15,21:08:15,21:17:15,21:26:15,21:35:15,21:44:15,21:53:15,22:02:15,22:11:15,22:20:15,22:29:15,22:39:15,22:49:15,23:00:15,23:11:15,23:22:15,23:33:15,23:44:15,,,,,,,,,,,,,,,,,,,,,,,,,
휴일(하),연호,도착,05:57:40,06:11:20,06:21:20,06:31:20,06:41:20,06:51:20,07:01:20,07:10:20,07:19:20,07:28:20,07:37:20,07:46:20,07:55:20,08:04:20,08:13:20,08:22:20,08:31:20,08:40:20,08:49:20,08:58:20,09:07:20,09:16:20,09:25:20,09:34:20,09:43:20,09:52:20,10:01:20,10:10:20,10:19:20,10:28:20,10:37:20,10:46:20,10:55:20,11:04:20,11:13:20,11:22:20,11:30:20,11:38:20,11:46:20,11:54:20,12:02:20,12:10:20,12:18:20,12:26:20,12:34:20,12:42:20,12:50:20,12:58:20,13:06:20,13:14:20,13:22:20,13:30:20,13:38:20,13:46:20,13:54:20,14:02:20,14:10:20,14:18:20,14:26:20,14:34:20,14:42:20,14:50:20,14:58:20,15:06:20,15:14:20,15:22:20,15:30:20,15:38:20,15:46:20,15:54:20,16:02:20,16:10:20,16:18:20,16:26:20,16:34:20,16:42:20,16:50:20,16:58:20,17:06:20,17:14:20,17:22:20,17:30:20,17:38:20,17:46:20,17:54:20,18:02:20,18:10:20,18:19:20,18:28:20,18:37:20,18:46:20,18:55:20,19:04:20,19:13:20,19:22:20,19:31:20,19:40:20,19:49:20,19:58:20,20:07:20,20:16:20,20:25:20,20:34:20,20:43:20,20:52:20,21:01:20,21:10:20,21:19:20,21:28:20,21:37:20,21:46:20,21:55:20,22:04:20,22:13:20,22:22:20,22:31:20,22:41:20,22:51:20,23:02:20,23:13:20,23:24:20,23:35:20,23:46:20,,,,,,,,,,,,,,,,,,,,,,,,,
휴일(하),연호,출발,05:58:05,06:11:45,06:21:45,06:31:45,06:41:45,06:51:45,07:01:45,07:10:45,07:19:45,07:28:45,07:37:45,07:46:45,07:55:45,08:04:45,08:13:45,08:22:45,08:31:45,08:40:45,08:49:45,08:58:45,09:07:45,09:16:45,09:25:45,09:34:45,09:43:45,09:52:45,10:01:45,10:10:45,10:19:45,10:28:45,10:37:45,10:46:45,10:55:45,11:04:45,11:13:45,11:22:45,11:30:45,11:38:45,11:46:45,11:54:45,12:02:45,12:10:45,12:18:45,12:26:45,12:34:45,12:42:45,12:50:45,12:58:45,13:06:45,13:14:45,13:22:45,13:30:45,13:38:45,13:46:45,13:54:45,14:02:45,14:10:45,14:18:45,14:26:45,14:34:45,14:42:45,14:50:45,14:58:45,15:06:45,15:14:45,15:22:45,15:30:45,15:38:45,15:46:45,15:54:45,16:02:45,16:10:45,16:18:45,16:26:45,16:34:45,16:42:45,16:50:45,16:58:45,17:06:45,17:14:45,17:22:45,17:30:45,17:38:45,17:46:45,17:54:45,18:02:45,18:10:45,18:19:45,18:28:45,18:37:45,18:46:45,18:55:45,19:04:45,19:13:45,19:22:45,19:31:45,19:40:45,19:49:45,19:58:45,20:07:45,20:16:45,20:25:45,20:34:45,20:43:45,20:52:45,21:01:45,21:10:45,21:19:45,21:28:45,21:37:45,21:46:45,21:55:45,22:04:45,22:13:45,22:22:45,22:31:45,22:41:45,22:51:45,23:02:45,23:13:45,23:24:45,23:35:45,23:46:45,,,,,,,,,,,,,,,,,,,,,,,,,
휴일(하),수성알파시티,도착,05:59:25,06:13:05,06:23:05,06:33:05,06:43:05,06:53:05,07:03:05,07:12:05,07:21:05,07:30:05,07:39:05,07:48:05,07:57:05,08:06:05,08:15:05,08:24:05,08:33:05,08:42:05,08:51:05,09:00:05,09:09:05,09:18:05,09:27:05,09:36:05,09:45:05,09:54:05,10:03:05,10:12:05,10:21:05,10:30:05,10:39:05,10:48:05,10:57:05,11:06:05,11:15:05,11:24:05,11:32:05,11:40:05,11:48:05,11:56:05,12:04:05,12:12:05,12:20:05,12:28:05,12:36:05,12:44:05,12:52:05,13:00:05,13:08:05,13:16:05,13:24:05,13:32:05,13:40:05,13:48:05,13:56:05,14:04:05,14:12:05,14:20:05,14:28:05,14:36:05,14:44:05,14:52:05,15:00:05,15:08:05,15:16:05,15:24:05,15:32:05,15:40:05,15:48:05,15:56:05,16:04:05,16:12:05,16:20:05,16:28:05,16:36:05,16:44:05,16:52:05,17:00:05,17:08:05,17:16:05,17:24:05,17:32:05,17:40:05,17:48:05,17:56:05,18:04:05,18:12:05,18:21:05,18:30:05,18:39:05,18:48:05,18:57:05,19:06:05,19:15:05,19:24:05,19:33:05,19:42:05,19:51:05,20:00:05,20:09:05,20:18:05,20:27:05,20:36:05,20:45:05,20:54:05,21:03:05,21:12:05,21:21:05,21:30:05,21:39:05,21:48:05,21:57:05,22:06:05,22:15:05,22:24:05,22:33:05,22:43:05,22:53:05,23:04:05,23:15:05,23:26:05,23:37:05,23:48:05,,,,,,,,,,,,,,,,,,,,,,,,,
휴일(하),수성알파시티,출발,05:59:50,06:13:30,06:23:30,06:33:30,06:43:30,06:53:30,07:03:30,07:12:30,07:21:30,07:30:30,07:39:30,07:48:30,07:57:30,08:06:30,08:15:30,08:24:30,08:33:30,08:42:30,08:51:30,09:00:30,09:09:30,09:18:30,09:27:30,09:36:30,09:45:30,09:54:30,10:03:30,10:12:30,10:21:30,10:30:30,10:39:30,10:48:30,10:57:30,11:06:30,11:15:30,11:24:30,11:32:30,11:40:30,11:48:30,11:56:30,12:04:30,12:12:30,12:20:30,12:28:30,12:36:30,12:44:30,12:52:30,13:00:30,13:08:30,13:16:30,13:24:30,13:32:30,13:40:30,13:48:30,13:56:30,14:04:30,14:12:30,14:20:30,14:28:30,14:36:30,14:44:30,14:52:30,15:00:30,15:08:30,15:16:30,15:24:30,15:32:30,15:40:30,15:48:30,15:56:30,16:04:30,16:12:30,16:20:30,16:28:30,16:36:30,16:44:30,16:52:30,17:00:30,17:08:30,17:16:30,17:24:30,17:32:30,17:40:30,17:48:30,17:56:30,18:04:30,18:12:30,18:21:30,18:30:30,18:39:30,18:48:30,18:57:30,19:06:30,19:15:30,19:24:30,19:33:30,19:42:30,19:51:30,20:00:30,20:09:30,20:18:30,20:27:30,20:36:30,20:45:30,20:54:30,21:03:30,21:12:30,21:21:30,21:30:30,21:39:30,21:48:30,21:57:30,22:06:30,22:15:30,22:24:30,22:33:30,22:43:30,22:53:30,23:04:30,23:15:30,23:26:30,23:37:30,23:48:30,,,,,,,,,,,,,,,,,,,,,,,,,
휴일(하),고산,도착,06:01:30,06:15:10,06:25:10,06:35:10,06:45:10,06:55:10,07:05:10,07:14:10,07:23:10,07:32:10,07:41:10,07:50:10,07:59:10,08:08:10,08:17:10,08:26:10,08:35:10,08:44:10,08:53:10,09:02:10,09:11:10,09:20:10,09:29:10,09:38:10,09:47:10,09:56:10,10:05:10,10:14:10,10:23:10,10:32:10,10:41:10,10:50:10,10:59:10,11:08:10,11:17:10,11:26:10,11:34:10,11:42:10,11:50:10,11:58:10,12:06:10,12:14:10,12:22:10,12:30:10,12:38:10,12:46:10,12:54:10,13:02:10,13:10:10,13:18:10,13:26:10,13:34:10,13:42:10,13:50:10,13:58:10,14:06:10,14:14:10,14:22:10,14:30:10,14:38:10,14:46:10,14:54:10,15:02:10,15:10:10,15:18:10,15:26:10,15:34:10,15:42:10,15:50:10,15:58:10,16:06:10,16:14:10,16:22:10,16:30:10,16:38:10,16:46:10,16:54:10,17:02:10,17:10:10,17:18:10,17:26:10,17:34:10,17:42:10,17:50:10,17:58:10,18:06:10,18:14:10,18:23:10,18:32:10,18:41:10,18:50:10,18:59:10,19:08:10,19:17:10,19:26:10,19:35:10,19:44:10,19:53:10,20:02:10,20:11:10,20:20:10,20:29:10,20:38:10,20:47:10,20:56:10,21:05:10,21:14:10,21:23:10,21:32:10,21:41:10,21:50:10,21:59:10,22:08:10,22:17:10,22:26:10,22:35:10,22:45:10,22:55:10,23:06:10,23:17:10,23:28:10,23:39:10,23:50:10,,,,,,,,,,,,,,,,,,,,,,,,,
휴일(하),고산,출발,06:01:55,06:15:35,06:25:35,06:35:35,06:45:35,06:55:35,07:05:35,07:14:35,07:23:35,07:32:35,07:41:35,07:50:35,07:59:35,08:08:35,08:17:35,08:26:35,08:35:35,08:44:35,08:53:35,09:02:35,09:11:35,09:20:35,09:29:35,09:38:35,09:47:35,09:56:35,10:05:35,10:14:35,10:23:35,10:32:35,10:41:35,10:50:35,10:59:35,11:08:35,11:17:35,11:26:35,11:34:35,11:42:35,11:50:35,11:58:35,12:06:35,12:14:35,12:22:35,12:30:35,12:38:35,12:46:35,12:54:35,13:02:35,13:10:35,13:18:35,13:26:35,13:34:35,13:42:35,13:50:35,13:58:35,14:06:35,14:14:35,14:22:35,14:30:35,14:38:35,14:46:35,14:54:35,15:02:35,15:10:35,15:18:35,15:26:35,15:34:35,15:42:35,15:50:35,15:58:35,16:06:35,16:14:35,16:22:35,16:30:35,16:38:35,16:46:35,16:54:35,17:02:35,17:10:35,17:18:35,17:26:35,17:34:35,17:42:35,17:50:35,17:58:35,18:06:35,18:14:35,18:23:35,18:32:35,18:41:35,18:50:35,18:59:35,19:08:35,19:17:35,19:26:35,19:35:35,19:44:35,19:53:35,20:02:35,20:11:35,20:20:35,20:29:35,20:38:35,20:47:35,20:56:35,21:05:35,21:14:35,21:23:35,21:32:35,21:41:35,21:50:35,21:59:35,22:08:35,22:17:35,22:26:35,22:35:35,22:45:35,22:55:35,23:06:35,23:17:35,23:28:35,23:39:35,23:50:35,,,,,,,,,,,,,,,,,,,,,,,,,
휴일(하),신매,도착,06:03:25,06:17:05,06:27:05,06:37:05,06:47:05,06:57:05,07:07:05,07:16:05,07:25:05,07:34:05,07:43:05,07:52:05,08:01:05,08:10:05,08:19:05,08:28:05,08:37:05,08:46:05,08:55:05,09:04:05,09:13:05,09:22:05,09:31:05,09:40:05,09:49:05,09:58:05,10:07:05,10:16:05,10:25:05,10:34:05,10:43:05,10:52:05,11:01:05,11:10:05,11:19:05,11:28:05,11:36:05,11:44:05,11:52:05,12:00:05,12:08:05,12:16:05,12:24:05,12:32:05,12:40:05,12:48:05,12:56:05,13:04:05,13:12:05,13:20:05,13:28:05,13:36:05,13:44:05,13:52:05,14:00:05,14:08:05,14:16:05,14:24:05,14:32:05,14:40:05,14:48:05,14:56:05,15:04:05,15:12:05,15:20:05,15:28:05,15:36:05,15:44:05,15:52:05,16:00:05,16:08:05,16:16:05,16:24:05,16:32:05,16:40:05,16:48:05,16:56:05,17:04:05,17:12:05,17:20:05,17:28:05,17:36:05,17:44:05,17:52:05,18:00:05,18:08:05,18:16:05,18:25:05,18:34:05,18:43:05,18:52:05,19:01:05,19:10:05,19:19:05,19:28:05,19:37:05,19:46:05,19:55:05,20:04:05,20:13:05,20:22:05,20:31:05,20:40:05,20:49:05,20:58:05,21:07:05,21:16:05,21:25:05,21:34:05,21:43:05,21:52:05,22:01:05,22:10:05,22:19:05,22:28:05,22:37:05,22:47:05,22:57:05,23:08:05,23:19:05,23:30:05,23:41:05,23:52:05,,,,,,,,,,,,,,,,,,,,,,,,,
휴일(하),신매,출발,06:03:50,06:17:30,06:27:30,06:37:30,06:47:30,06:57:30,07:07:30,07:16:30,07:25:30,07:34:30,07:43:30,07:52:30,08:01:30,08:10:30,08:19:30,08:28:30,08:37:30,08:46:30,08:55:30,09:04:30,09:13:30,09:22:30,09:31:30,09:40:30,09:49:30,09:58:30,10:07:30,10:16:30,10:25:30,10:34:30,10:43:30,10:52:30,11:01:30,11:10:30,11:19:30,11:28:30,11:36:30,11:44:30,11:52:30,12:00:30,12:08:30,12:16:30,12:24:30,12:32:30,12:40:30,12:48:30,12:56:30,13:04:30,13:12:30,13:20:30,13:28:30,13:36:30,13:44:30,13:52:30,14:00:30,14:08:30,14:16:30,14:24:30,14:32:30,14:40:30,14:48:30,14:56:30,15:04:30,15:12:30,15:20:30,15:28:30,15:36:30,15:44:30,15:52:30,16:00:30,16:08:30,16:16:30,16:24:30,16:32:30,16:40:30,16:48:30,16:56:30,17:04:30,17:12:30,17:20:30,17:28:30,17:36:30,17:44:30,17:52:30,18:00:30,18:08:30,18:16:30,18:25:30,18:34:30,18:43:30,18:52:30,19:01:30,19:10:30,19:19:30,19:28:30,19:37:30,19:46:30,19:55:30,20:04:30,20:13:30,20:22:30,20:31:30,20:40:30,20:49:30,20:58:30,21:07:30,21:16:30,21:25:30,21:34:30,21:43:30,21:52:30,22:01:30,22:10:30,22:19:30,22:28:30,22:37:30,22:47:30,22:57:30,23:08:30,23:19:30,23:30:30,23:41:30,23:52:30,,,,,,,,,,,,,,,,,,,,,,,,,
휴일(하),사월,도착,06:05:20,06:19:00,06:29:00,06:39:00,06:49:00,06:59:00,07:09:00,07:18:00,07:27:00,07:36:00,07:45:00,07:54:00,08:03:00,08:12:00,08:21:00,08:30:00,08:39:00,08:48:00,08:57:00,09:06:00,09:15:00,09:24:00,09:33:00,09:42:00,09:51:00,10:00:00,10:09:00,10:18:00,10:27:00,10:36:00,10:45:00,10:54:00,11:03:00,11:12:00,11:21:00,11:30:00,11:38:00,11:46:00,11:54:00,12:02:00,12:10:00,12:18:00,12:26:00,12:34:00,12:42:00,12:50:00,12:58:00,13:06:00,13:14:00,13:22:00,13:30:00,13:38:00,13:46:00,13:54:00,14:02:00,14:10:00,14:18:00,14:26:00,14:34:00,14:42:00,14:50:00,14:58:00,15:06:00,15:14:00,15:22:00,15:30:00,15:38:00,15:46:00,15:54:00,16:02:00,16:10:00,16:18:00,16:26:00,16:34:00,16:42:00,16:50:00,16:58:00,17:06:00,17:14:00,17:22:00,17:30:00,17:38:00,17:46:00,17:54:00,18:02:00,18:10:00,18:18:00,18:27:00,18:36:00,18:45:00,18:54:00,19:03:00,19:12:00,19:21:00,19:30:00,19:39:00,19:48:00,19:57:00,20:06:00,20:15:00,20:24:00,20:33:00,20:42:00,20:51:00,21:00:00,21:09:00,21:18:00,21:27:00,21:36:00,21:45:00,21:54:00,22:03:00,22:12:00,22:21:00,22:30:00,22:39:00,22:49:00,22:59:00,23:10:00,23:21:00,23:32:00,23:43:00,23:54:00,,,,,,,,,,,,,,,,,,,,,,,,,
휴일(하),사월,출발,06:05:45,06:19:25,06:29:25,06:39:25,06:49:25,06:59:25,07:09:25,07:18:25,07:27:25,07:36:25,07:45:25,07:54:25,08:03:25,08:12:25,08:21:25,08:30:25,08:39:25,08:48:25,08:57:25,09:06:25,09:15:25,09:24:25,09:33:25,09:42:25,09:51:25,10:00:25,10:09:25,10:18:25,10:27:25,10:36:25,10:45:25,10:54:25,11:03:25,11:12:25,11:21:25,11:30:25,11:38:25,11:46:25,11:54:25,12:02:25,12:10:25,12:18:25,12:26:25,12:34:25,12:42:25,12:50:25,12:58:25,13:06:25,13:14:25,13:22:25,13:30:25,13:38:25,13:46:25,13:54:25,14:02:25,14:10:25,14:18:25,14:26:25,14:34:25,14:42:25,14:50:25,14:58:25,15:06:25,15:14:25,15:22:25,15:30:25,15:38:25,15:46:25,15:54:25,16:02:25,16:10:25,16:18:25,16:26:25,16:34:25,16:42:25,16:50:25,16:58:25,17:06:25,17:14:25,17:22:25,17:30:25,17:38:25,17:46:25,17:54:25,18:02:25,18:10:25,18:18:25,18:27:25,18:36:25,18:45:25,18:54:25,19:03:25,19:12:25,19:21:25,19:30:25,19:39:25,19:48:25,19:57:25,20:06:25,20:15:25,20:24:25,20:33:25,20:42:25,20:51:25,21:00:25,21:09:25,21:18:25,21:27:25,21:36:25,21:45:25,21:54:25,22:03:25,22:12:25,22:21:25,22:30:25,22:39:25,22:49:25,22:59:25,23:10:25,23:21:25,23:32:25,23:43:25,23:54:25,,,,,,,,,,,,,,,,,,,,,,,,,
휴일(하),정평,도착,06:07:20,06:21:00,06:31:00,06:41:00,06:51:00,07:01:00,07:11:00,07:20:00,07:29:00,07:38:00,07:47:00,07:56:00,08:05:00,08:14:00,08:23:00,08:32:00,08:41:00,08:50:00,08:59:00,09:08:00,09:17:00,09:26:00,09:35:00,09:44:00,09:53:00,10:02:00,10:11:00,10:20:00,10:29:00,10:38:00,10:47:00,10:56:00,11:05:00,11:14:00,11:23:00,11:32:00,11:40:00,11:48:00,11:56:00,12:04:00,12:12:00,12:20:00,12:28:00,12:36:00,12:44:00,12:52:00,13:00:00,13:08:00,13:16:00,13:24:00,13:32:00,13:40:00,13:48:00,13:56:00,14:04:00,14:12:00,14:20:00,14:28:00,14:36:00,14:44:00,14:52:00,15:00:00,15:08:00,15:16:00,15:24:00,15:32:00,15:40:00,15:48:00,15:56:00,16:04:00,16:12:00,16:20:00,16:28:00,16:36:00,16:44:00,16:52:00,17:00:00,17:08:00,17:16:00,17:24:00,17:32:00,17:40:00,17:48:00,17:56:00,18:04:00,18:12:00,18:20:00,18:29:00,18:38:00,18:47:00,18:56:00,19:05:00,19:14:00,19:23:00,19:32:00,19:41:00,19:50:00,19:59:00,20:08:00,20:17:00,20:26:00,20:35:00,20:44:00,20:53:00,21:02:00,21:11:00,21:20:00,21:29:00,21:38:00,21:47:00,21:56:00,22:05:00,22:14:00,22:23:00,22:32:00,22:41:00,22:51:00,23:01:00,23:12:00,23:23:00,23:34:00,23:45:00,23:56:00,,,,,,,,,,,,,,,,,,,,,,,,,
휴일(하),정평,출발,06:07:45,06:21:25,06:31:25,06:41:25,06:51:25,07:01:25,07:11:25,07:20:25,07:29:25,07:38:25,07:47:25,07:56:25,08:05:25,08:14:25,08:23:25,08:32:25,08:41:25,08:50:25,08:59:25,09:08:25,09:17:25,09:26:25,09:35:25,09:44:25,09:53:25,10:02:25,10:11:25,10:20:25,10:29:25,10:38:25,10:47:25,10:56:25,11:05:25,11:14:25,11:23:25,11:32:25,11:40:25,11:48:25,11:56:25,12:04:25,12:12:25,12:20:25,12:28:25,12:36:25,12:44:25,12:52:25,13:00:25,13:08:25,13:16:25,13:24:25,13:32:25,13:40:25,13:48:25,13:56:25,14:04:25,14:12:25,14:20:25,14:28:25,14:36:25,14:44:25,14:52:25,15:00:25,15:08:25,15:16:25,15:24:25,15:32:25,15:40:25,15:48:25,15:56:25,16:04:25,16:12:25,16:20:25,16:28:25,16:36:25,16:44:25,16:52:25,17:00:25,17:08:25,17:16:25,17:24:25,17:32:25,17:40:25,17:48:25,17:56:25,18:04:25,18:12:25,18:20:25,18:29:25,18:38:25,18:47:25,18:56:25,19:05:25,19:14:25,19:23:25,19:32:25,19:41:25,19:50:25,19:59:25,20:08:25,20:17:25,20:26:25,20:35:25,20:44:25,20:53:25,21:02:25,21:11:25,21:20:25,21:29:25,21:38:25,21:47:25,21:56:25,22:05:25,22:14:25,22:23:25,22:32:25,22:41:25,22:51:25,23:01:25,23:12:25,23:23:25,23:34:25,23:45:25,23:56:25,,,,,,,,,,,,,,,,,,,,,,,,,
휴일(하),임당,도착,06:09:15,06:22:55,06:32:55,06:42:55,06:52:55,07:02:55,07:12:55,07:21:55,07:30:55,07:39:55,07:48:55,07:57:55,08:06:55,08:15:55,08:24:55,08:33:55,08:42:55,08:51:55,09:00:55,09:09:55,09:18:55,09:27:55,09:36:55,09:45:55,09:54:55,10:03:55,10:12:55,10:21:55,10:30:55,10:39:55,10:48:55,10:57:55,11:06:55,11:15:55,11:24:55,11:33:55,11:41:55,11:49:55,11:57:55,12:05:55,12:13:55,12:21:55,12:29:55,12:37:55,12:45:55,12:53:55,13:01:55,13:09:55,13:17:55,13:25:55,13:33:55,13:41:55,13:49:55,13:57:55,14:05:55,14:13:55,14:21:55,14:29:55,14:37:55,14:45:55,14:53:55,15:01:55,15:09:55,15:17:55,15:25:55,15:33:55,15:41:55,15:49:55,15:57:55,16:05:55,16:13:55,16:21:55,16:29:55,16:37:55,16:45:55,16:53:55,17:01:55,17:09:55,17:17:55,17:25:55,17:33:55,17:41:55,17:49:55,17:57:55,18:05:55,18:13:55,18:21:55,18:30:55,18:39:55,18:48:55,18:57:55,19:06:55,19:15:55,19:24:55,19:33:55,19:42:55,19:51:55,20:00:55,20:09:55,20:18:55,20:27:55,20:36:55,20:45:55,20:54:55,21:03:55,21:12:55,21:21:55,21:30:55,21:39:55,21:48:55,21:57:55,22:06:55,22:15:55,22:24:55,22:33:55,22:42:55,22:52:55,23:02:55,23:13:55,23:24:55,23:35:55,23:46:55,23:57:55,,,,,,,,,,,,,,,,,,,,,,,,,
휴일(하),임당,출발,06:09:40,06:23:20,06:33:20,06:43:20,06:53:20,07:03:20,07:13:20,07:22:20,07:31:20,07:40:20,07:49:20,07:58:20,08:07:20,08:16:20,08:25:20,08:34:20,08:43:20,08:52:20,09:01:20,09:10:20,09:19:20,09:28:20,09:37:20,09:46:20,09:55:20,10:04:20,10:13:20,10:22:20,10:31:20,10:40:20,10:49:20,10:58:20,11:07:20,11:16:20,11:25:20,11:34:20,11:42:20,11:50:20,11:58:20,12:06:20,12:14:20,12:22:20,12:30:20,12:38:20,12:46:20,12:54:20,13:02:20,13:10:20,13:18:20,13:26:20,13:34:20,13:42:20,13:50:20,13:58:20,14:06:20,14:14:20,14:22:20,14:30:20,14:38:20,14:46:20,14:54:20,15:02:20,15:10:20,15:18:20,15:26:20,15:34:20,15:42:20,15:50:20,15:58:20,16:06:20,16:14:20,16:22:20,16:30:20,16:38:20,16:46:20,16:54:20,17:02:20,17:10:20,17:18:20,17:26:20,17:34:20,17:42:20,17:50:20,17:58:20,18:06:20,18:14:20,18:22:20,18:31:20,18:40:20,18:49:20,18:58:20,19:07:20,19:16:20,19:25:20,19:34:20,19:43:20,19:52:20,20:01:20,20:10:20,20:19:20,20:28:20,20:37:20,20:46:20,20:55:20,21:04:20,21:13:20,21:22:20,21:31:20,21:40:20,21:49:20,21:58:20,22:07:20,22:16:20,22:25:20,22:34:20,22:43:20,22:53:20,23:03:20,23:14:20,23:25:20,23:36:20,23:47:20,23:58:20,,,,,,,,,,,,,,,,,,,,,,,,,
휴일(하),영남대,도착,06:11:20,06:25:00,06:35:00,06:45:00,06:55:00,07:05:00,07:15:00,07:24:00,07:33:00,07:42:00,07:51:00,08:00:00,08:09:00,08:18:00,08:27:00,08:36:00,08:45:00,08:54:00,09:03:00,09:12:00,09:21:00,09:30:00,09:39:00,09:48:00,09:57:00,10:06:00,10:15:00,10:24:00,10:33:00,10:42:00,10:51:00,11:00:00,11:09:00,11:18:00,11:27:00,11:36:00,11:44:00,11:52:00,12:00:00,12:08:00,12:16:00,12:24:00,12:32:00,12:40:00,12:48:00,12:56:00,13:04:00,13:12:00,13:20:00,13:28:00,13:36:00,13:44:00,13:52:00,14:00:00,14:08:00,14:16:00,14:24:00,14:32:00,14:40:00,14:48:00,14:56:00,15:04:00,15:12:00,15:20:00,15:28:00,15:36:00,15:44:00,15:52:00,16:00:00,16:08:00,16:16:00,16:24:00,16:32:00,16:40:00,16:48:00,16:56:00,17:04:00,17:12:00,17:20:00,17:28:00,17:36:00,17:44:00,17:52:00,18:00:00,18:08:00,18:16:00,18:24:00,18:33:00,18:42:00,18:51:00,19:00:00,19:09:00,19:18:00,19:27:00,19:36:00,19:45:00,19:54:00,20:03:00,20:12:00,20:21:00,20:30:00,20:39:00,20:48:00,20:57:00,21:06:00,21:15:00,21:24:00,21:33:00,21:42:00,21:51:00,22:00:00,22:09:00,22:18:00,22:27:00,22:36:00,22:45:00,22:55:00,23:05:00,23:16:00,23:27:00,23:38:00,23:49:00,00:00:00,,,,,,,,,,,,,,,,,,,,,,,,,